SNP,Chromosome,Position,P-value
chr1:31976002:A:G,1,31976002,0.842402
chr1:208459615:A:G,1,208459615,0.239934
chr1:164874207:A:G,1,164874207,0.0114888
chr1:239166241:A:G,1,239166241,0.251513
chr1:95733762:A:G,1,95733762,0.557451
chr1:78415869:A:G,1,78415869,0.716415
chr1:82946210:A:G,1,82946210,0.585718
chr1:133803018:A:G,1,133803018,0.866755
chr1:234997380:A:G,1,234997380,0.419966
chr1:248633810:A:G,1,248633810,0.818132
chr1:189156438:A:G,1,189156438,0.42941
chr1:38228580:A:G,1,38228580,0.626671
chr1:122620336:A:G,1,122620336,0.978867
chr1:67379039:A:G,1,67379039,0.799802
chr1:134727652:A:G,1,134727652,0.202531
chr1:223295887:A:G,1,223295887,0.522889
chr1:131403862:A:G,1,131403862,0.466656
chr1:205810361:A:G,1,205810361,0.316657
chr1:246104766:A:G,1,246104766,0.96222
chr1:69479459:A:G,1,69479459,0.84244
chr1:128619842:A:G,1,128619842,0.856637
chr1:39287859:A:G,1,39287859,0.195759
chr1:224507361:A:G,1,224507361,0.956367
chr1:179442963:A:G,1,179442963,0.293525
chr1:154158077:A:G,1,154158077,0.222928
chr1:157822472:A:G,1,157822472,0.29068
chr1:112146679:A:G,1,112146679,0.520031
chr1:52800479:A:G,1,52800479,0.646272
chr1:206570139:A:G,1,206570139,0.913957
chr1:133565344:A:G,1,133565344,0.153891
chr1:139482749:A:G,1,139482749,0.233327
chr1:190826117:A:G,1,190826117,0.921455
chr1:12143106:A:G,1,12143106,0.0204698
chr1:173315975:A:G,1,173315975,0.956587
chr1:43054545:A:G,1,43054545,0.533011
chr1:233014311:A:G,1,233014311,0.263444
chr1:133574131:A:G,1,133574131,0.444583
chr1:141533091:A:G,1,141533091,0.84787
chr1:62098468:A:G,1,62098468,0.833555
chr1:227207488:A:G,1,227207488,0.572332
chr1:144519944:A:G,1,144519944,0.751246
chr1:196218398:A:G,1,196218398,0.555734
chr1:27234318:A:G,1,27234318,0.106036
chr1:16220512:A:G,1,16220512,0.630087
chr1:135996570:A:G,1,135996570,0.931818
chr1:43323035:A:G,1,43323035,0.898054
chr1:208515106:A:G,1,208515106,0.0938701
chr1:150640142:A:G,1,150640142,0.779757
chr1:163008790:A:G,1,163008790,0.404191
chr1:163151219:A:G,1,163151219,0.878403
chr1:184271133:A:G,1,184271133,0.251578
chr1:78351314:A:G,1,78351314,0.436741
chr1:6352073:A:G,1,6352073,0.769151
chr1:245849638:A:G,1,245849638,0.721678
chr1:30225190:A:G,1,30225190,0.522584
chr1:160243249:A:G,1,160243249,0.578127
chr1:95555359:A:G,1,95555359,0.662593
chr1:208012720:A:G,1,208012720,0.934665
chr1:183543317:A:G,1,183543317,0.228256
chr1:4454902:A:G,1,4454902,0.314745
chr1:168249372:A:G,1,168249372,0.650213
chr1:221132920:A:G,1,221132920,0.754532
chr1:85227706:A:G,1,85227706,0.221839
chr1:136531710:A:G,1,136531710,0.951
chr1:62414660:A:G,1,62414660,0.374727
chr1:123283742:A:G,1,123283742,0.788629
chr1:155848177:A:G,1,155848177,0.484857
chr1:1425878:A:G,1,1425878,0.639116
chr1:22604229:A:G,1,22604229,0.714717
chr1:27045287:A:G,1,27045287,0.380582
chr1:138672665:A:G,1,138672665,0.104921
chr1:38088933:A:G,1,38088933,0.0415886
chr1:159107572:A:G,1,159107572,0.295292
chr1:76659474:A:G,1,76659474,0.222491
chr1:128852268:A:G,1,128852268,0.776475
chr1:235405386:A:G,1,235405386,0.163938
chr1:238153909:A:G,1,238153909,0.766813
chr1:225999311:A:G,1,225999311,0.154226
chr1:163750621:A:G,1,163750621,0.107394
chr1:224727542:A:G,1,224727542,0.647546
chr1:93361602:A:G,1,93361602,0.247027
chr1:96281724:A:G,1,96281724,0.0825495
chr1:209123601:A:G,1,209123601,0.168342
chr1:116124272:A:G,1,116124272,0.723849
chr1:230116656:A:G,1,230116656,0.463007
chr1:232309175:A:G,1,232309175,0.4097
chr1:215618029:A:G,1,215618029,0.56657
chr1:197598138:A:G,1,197598138,0.320035
chr1:225802565:A:G,1,225802565,0.268177
chr1:89059269:A:G,1,89059269,0.401245
chr1:5830636:A:G,1,5830636,0.0950061
chr1:205931347:A:G,1,205931347,0.35216
chr1:88703281:A:G,1,88703281,0.267055
chr1:188359002:A:G,1,188359002,0.414622
chr1:208896822:A:G,1,208896822,0.63627
chr1:177349009:A:G,1,177349009,0.00915874
chr1:122711678:A:G,1,122711678,0.555765
chr1:50372615:A:G,1,50372615,0.329983
chr1:58895895:A:G,1,58895895,0.705516
chr1:22624326:A:G,1,22624326,0.559157
chr1:29006033:A:G,1,29006033,0.231354
chr1:244400014:A:G,1,244400014,0.317818
chr1:128766456:A:G,1,128766456,0.253853
chr1:202658780:A:G,1,202658780,0.732146
chr1:81622519:A:G,1,81622519,0.66116
chr1:183088156:A:G,1,183088156,0.61641
chr1:228988806:A:G,1,228988806,0.317936
chr1:91163167:A:G,1,91163167,0.79793
chr1:203829349:A:G,1,203829349,0.106364
chr1:163572493:A:G,1,163572493,0.126486
chr1:56714578:A:G,1,56714578,0.488584
chr1:150025199:A:G,1,150025199,0.650876
chr1:142996343:A:G,1,142996343,0.551309
chr1:41099534:A:G,1,41099534,0.656982
chr1:16395468:A:G,1,16395468,0.139189
chr1:145040831:A:G,1,145040831,0.692981
chr1:201691270:A:G,1,201691270,0.489742
chr1:146584659:A:G,1,146584659,0.888025
chr1:24693135:A:G,1,24693135,0.324503
chr1:191882228:A:G,1,191882228,0.353026
chr1:226516323:A:G,1,226516323,0.756757
chr1:43972524:A:G,1,43972524,0.663399
chr1:53535608:A:G,1,53535608,0.967927
chr1:57099892:A:G,1,57099892,0.72111
chr1:123315692:A:G,1,123315692,0.629346
chr1:118239547:A:G,1,118239547,0.87871
chr1:56654243:A:G,1,56654243,0.714806
chr1:167016595:A:G,1,167016595,0.433587
chr1:241452476:A:G,1,241452476,0.287117
chr1:98039880:A:G,1,98039880,0.273086
chr1:95075279:A:G,1,95075279,0.559647
chr1:96366910:A:G,1,96366910,0.930729
chr1:179857470:A:G,1,179857470,0.0788278
chr1:125777940:A:G,1,125777940,0.530311
chr1:26390261:A:G,1,26390261,0.0418732
chr1:141636622:A:G,1,141636622,0.645469
chr1:154344096:A:G,1,154344096,0.0265834
chr1:105183151:A:G,1,105183151,0.971868
chr1:201039562:A:G,1,201039562,0.334913
chr1:41133141:A:G,1,41133141,0.896652
chr1:185342600:A:G,1,185342600,0.312618
chr1:11082184:A:G,1,11082184,0.768788
chr1:157940260:A:G,1,157940260,0.498955
chr1:58670784:A:G,1,58670784,0.140288
chr1:64702595:A:G,1,64702595,0.863633
chr1:155785012:A:G,1,155785012,0.368487
chr1:58197344:A:G,1,58197344,0.807751
chr1:215214366:A:G,1,215214366,0.524721
chr1:244858655:A:G,1,244858655,0.0363445
chr1:189688457:A:G,1,189688457,0.0355736
chr2:236941854:A:G,2,236941854,0.956971
chr2:242161885:A:G,2,242161885,0.48146
chr2:78199253:A:G,2,78199253,0.00730282
chr2:165825191:A:G,2,165825191,0.885612
chr2:195342456:A:G,2,195342456,0.540216
chr2:132947129:A:G,2,132947129,0.39298
chr2:23477621:A:G,2,23477621,0.17847
chr2:63588548:A:G,2,63588548,0.39983
chr2:173447105:A:G,2,173447105,0.000410426
chr2:202099751:A:G,2,202099751,0.686711
chr2:86541927:A:G,2,86541927,0.814406
chr2:24049037:A:G,2,24049037,0.566755
chr2:137522485:A:G,2,137522485,0.943375
chr2:159627955:A:G,2,159627955,0.306877
chr2:142606569:A:G,2,142606569,0.0970855
chr2:178371631:A:G,2,178371631,0.502612
chr2:177741280:A:G,2,177741280,0.146745
chr2:39630045:A:G,2,39630045,0.29549
chr2:40416959:A:G,2,40416959,0.121487
chr2:61048618:A:G,2,61048618,0.385206
chr2:73473958:A:G,2,73473958,0.297398
chr2:119708143:A:G,2,119708143,0.31315
chr2:45137989:A:G,2,45137989,0.988926
chr2:79045238:A:G,2,79045238,0.86763
chr2:178426781:A:G,2,178426781,0.128449
chr2:89989905:A:G,2,89989905,0.30288
chr2:145741348:A:G,2,145741348,0.865639
chr2:121374071:A:G,2,121374071,0.621193
chr2:52449686:A:G,2,52449686,0.125036
chr2:100704477:A:G,2,100704477,0.737899
chr2:214647766:A:G,2,214647766,0.414024
chr2:185532872:A:G,2,185532872,0.946415
chr2:76656905:A:G,2,76656905,0.751238
chr2:141131292:A:G,2,141131292,0.622814
chr2:97765839:A:G,2,97765839,0.86503
chr2:7821533:A:G,2,7821533,0.393598
chr2:218520912:A:G,2,218520912,0.545348
chr2:27245814:A:G,2,27245814,0.34701
chr2:138493280:A:G,2,138493280,0.096713
chr2:17802685:A:G,2,17802685,0.413873
chr2:172777440:A:G,2,172777440,0.594446
chr2:33450938:A:G,2,33450938,0.950503
chr2:26723956:A:G,2,26723956,0.753587
chr2:35149246:A:G,2,35149246,0.747181
chr2:12629957:A:G,2,12629957,0.712874
chr2:140654077:A:G,2,140654077,0.0109668
chr2:38022643:A:G,2,38022643,0.801532
chr2:210961657:A:G,2,210961657,0.0758094
chr2:235200101:A:G,2,235200101,0.319162
chr2:230275599:A:G,2,230275599,0.824797
chr2:140593548:A:G,2,140593548,0.609598
chr2:141556807:A:G,2,141556807,0.260601
chr2:189979495:A:G,2,189979495,0.952673
chr2:83561806:A:G,2,83561806,0.00777274
chr2:159702896:A:G,2,159702896,0.637842
chr2:177437885:A:G,2,177437885,0.608728
chr2:181362808:A:G,2,181362808,0.430585
chr2:182487929:A:G,2,182487929,0.0144488
chr2:95622532:A:G,2,95622532,0.479805
chr2:96682039:A:G,2,96682039,0.709023
chr2:145055874:A:G,2,145055874,0.300032
chr2:232133400:A:G,2,232133400,0.0576696
chr2:61439123:A:G,2,61439123,0.961001
chr2:144875436:A:G,2,144875436,0.632824
chr2:14592306:A:G,2,14592306,0.116547
chr2:17935072:A:G,2,17935072,0.388146
chr2:36756185:A:G,2,36756185,0.756426
chr2:231427949:A:G,2,231427949,0.930791
chr2:111307655:A:G,2,111307655,0.536179
chr2:162828579:A:G,2,162828579,0.574135
chr2:220473965:A:G,2,220473965,0.000836807
chr2:208914685:A:G,2,208914685,0.26974
chr2:198740459:A:G,2,198740459,0.159229
chr2:215106272:A:G,2,215106272,0.466313
chr2:20685512:A:G,2,20685512,0.194424
chr2:68753990:A:G,2,68753990,0.543517
chr2:185140102:A:G,2,185140102,0.869433
chr2:45850046:A:G,2,45850046,0.390345
chr2:157835602:A:G,2,157835602,0.177982
chr2:96537527:A:G,2,96537527,0.623211
chr2:77037268:A:G,2,77037268,0.226332
chr2:74102253:A:G,2,74102253,0.151849
chr2:121945694:A:G,2,121945694,0.103351
chr2:82391737:A:G,2,82391737,0.702066
chr2:223642294:A:G,2,223642294,0.202569
chr2:145015421:A:G,2,145015421,0.253021
chr2:139811790:A:G,2,139811790,0.615553
chr2:11470881:A:G,2,11470881,0.936492
chr2:131156418:A:G,2,131156418,0.873813
chr2:54184330:A:G,2,54184330,0.344404
chr2:108053318:A:G,2,108053318,0.886935
chr2:211312152:A:G,2,211312152,0.642919
chr2:10607746:A:G,2,10607746,0.120289
chr2:173261325:A:G,2,173261325,0.207604
chr2:57278690:A:G,2,57278690,0.740005
chr2:141605400:A:G,2,141605400,0.945491
chr2:35505165:A:G,2,35505165,0.30775
chr2:115641535:A:G,2,115641535,0.20093
chr2:106445820:A:G,2,106445820,0.543606
chr2:160195567:A:G,2,160195567,0.772261
chr2:191714154:A:G,2,191714154,0.855789
chr2:198557444:A:G,2,198557444,0.72179
chr2:60531285:A:G,2,60531285,0.454666
chr2:73588480:A:G,2,73588480,0.694062
chr2:169328678:A:G,2,169328678,0.760823
chr2:238580001:A:G,2,238580001,0.0915087
chr2:187637482:A:G,2,187637482,0.865632
chr2:66342272:A:G,2,66342272,0.0227385
chr2:45691600:A:G,2,45691600,0.459805
chr2:138992187:A:G,2,138992187,0.266393
chr2:2120909:A:G,2,2120909,0.00761547
chr2:150093044:A:G,2,150093044,0.11732
chr2:206523416:A:G,2,206523416,0.594367
chr2:132271816:A:G,2,132271816,0.0328795
chr2:9715023:A:G,2,9715023,0.0963777
chr2:112879507:A:G,2,112879507,0.105124
chr2:107564187:A:G,2,107564187,2.30088e-05
chr2:137361330:A:G,2,137361330,0.964112
chr2:235091768:A:G,2,235091768,0.178286
chr2:158800377:A:G,2,158800377,0.149756
chr2:161674926:A:G,2,161674926,0.339184
chr2:133917585:A:G,2,133917585,0.169553
chr2:159623932:A:G,2,159623932,0.83974
chr2:130641286:A:G,2,130641286,0.367807
chr2:234722665:A:G,2,234722665,0.291998
chr2:131252771:A:G,2,131252771,0.904075
chr2:15174594:A:G,2,15174594,0.414904
chr2:225142588:A:G,2,225142588,0.581773
chr2:52599696:A:G,2,52599696,0.11866
chr2:240025034:A:G,2,240025034,0.814364
chr2:201149849:A:G,2,201149849,0.81181
chr2:153694781:A:G,2,153694781,0.154342
chr2:41542726:A:G,2,41542726,0.521561
chr2:125380181:A:G,2,125380181,0.877025
chr2:173748970:A:G,2,173748970,0.00182216
chr2:32340853:A:G,2,32340853,0.233327
chr2:201247451:A:G,2,201247451,0.591505
chr2:238556690:A:G,2,238556690,0.645274
chr2:141189452:A:G,2,141189452,0.511359
chr2:25637456:A:G,2,25637456,0.174853
chr2:51107056:A:G,2,51107056,0.0418597
chr2:44682483:A:G,2,44682483,0.689679
chr2:105388560:A:G,2,105388560,0.126465
chr2:79355292:A:G,2,79355292,0.803368
chr2:117001002:A:G,2,117001002,0.875928
chr2:127383471:A:G,2,127383471,0.41774
chr2:148684001:A:G,2,148684001,0.406414
chr2:146395627:A:G,2,146395627,0.19445
chr2:168433654:A:G,2,168433654,0.158355
chr2:98752257:A:G,2,98752257,0.510215
chr3:56708057:A:G,3,56708057,0.133256
chr3:57484628:A:G,3,57484628,0.826139
chr3:100649298:A:G,3,100649298,0.130746
chr3:46969828:A:G,3,46969828,0.938925
chr3:142895027:A:G,3,142895027,0.0119331
chr3:81852768:A:G,3,81852768,0.687918
chr3:77007637:A:G,3,77007637,0.430456
chr3:18908580:A:G,3,18908580,0.848826
chr3:131594237:A:G,3,131594237,0.401091
chr3:74064726:A:G,3,74064726,0.724304
chr3:177631378:A:G,3,177631378,0.364504
chr3:121700998:A:G,3,121700998,0.264951
chr3:59065339:A:G,3,59065339,0.846789
chr3:161491915:A:G,3,161491915,0.10927
chr3:167464216:A:G,3,167464216,0.286331
chr3:160483375:A:G,3,160483375,0.459572
chr3:7145030:A:G,3,7145030,0.918185
chr3:112978876:A:G,3,112978876,0.0389682
chr3:135243361:A:G,3,135243361,0.726733
chr3:146628888:A:G,3,146628888,0.661415
chr3:66813505:A:G,3,66813505,0.580721
chr3:143005157:A:G,3,143005157,0.72601
chr3:192737448:A:G,3,192737448,0.471651
chr3:138949124:A:G,3,138949124,0.0294496
chr3:136749128:A:G,3,136749128,0.119998
chr3:23482213:A:G,3,23482213,0.14478
chr3:165829011:A:G,3,165829011,0.516474
chr3:13740573:A:G,3,13740573,0.276523
chr3:71519024:A:G,3,71519024,0.384922
chr3:56379856:A:G,3,56379856,0.474547
chr3:117965649:A:G,3,117965649,0.698775
chr3:57940147:A:G,3,57940147,0.978175
chr3:105797424:A:G,3,105797424,0.0631091
chr3:158810217:A:G,3,158810217,0.0727931
chr3:195774099:A:G,3,195774099,0.590232
chr3:44661091:A:G,3,44661091,0.962249
chr3:31870347:A:G,3,31870347,0.488838
chr3:99701479:A:G,3,99701479,0.638294
chr3:166400611:A:G,3,166400611,0.294107
chr3:90262017:A:G,3,90262017,0.189397
chr3:26177141:A:G,3,26177141,0.150449
chr3:9280180:A:G,3,9280180,0.633937
chr3:76320863:A:G,3,76320863,0.458361
chr3:72053374:A:G,3,72053374,0.543322
chr3:202333:A:G,3,202333,0.554224
chr3:53204935:A:G,3,53204935,0.609101
chr3:172586630:A:G,3,172586630,0.000241448
chr3:154493165:A:G,3,154493165,0.262995
chr3:101695654:A:G,3,101695654,0.247333
chr3:169682877:A:G,3,169682877,0.171768
chr3:78043229:A:G,3,78043229,0.610308
chr3:44089442:A:G,3,44089442,0.737658
chr3:76085926:A:G,3,76085926,0.789977
chr3:48029286:A:G,3,48029286,0.382441
chr3:152005789:A:G,3,152005789,0.0960969
chr3:140806298:A:G,3,140806298,0.718791
chr3:3103966:A:G,3,3103966,0.0451932
chr3:101609197:A:G,3,101609197,0.437341
chr3:36970491:A:G,3,36970491,0.981041
chr3:116759633:A:G,3,116759633,0.705156
chr3:70250353:A:G,3,70250353,0.371226
chr3:97085897:A:G,3,97085897,0.621348
chr3:176610423:A:G,3,176610423,0.0744786
chr3:164295098:A:G,3,164295098,0.460215
chr3:119055356:A:G,3,119055356,0.519208
chr3:108495255:A:G,3,108495255,0.407088
chr3:186864433:A:G,3,186864433,0.907435
chr3:61880827:A:G,3,61880827,0.912179
chr3:114363816:A:G,3,114363816,0.104707
chr3:72610348:A:G,3,72610348,0.361224
chr3:74043625:A:G,3,74043625,0.53147
chr3:133133557:A:G,3,133133557,0.399577
chr3:20856025:A:G,3,20856025,0.935864
chr3:49790874:A:G,3,49790874,0.669089
chr3:89160703:A:G,3,89160703,0.763234
chr3:181647550:A:G,3,181647550,0.516869
chr3:132511718:A:G,3,132511718,0.402605
chr3:178956464:A:G,3,178956464,0.901462
chr3:92607878:A:G,3,92607878,0.74805
chr3:96486155:A:G,3,96486155,0.911896
chr3:194980448:A:G,3,194980448,0.723531
chr3:134816024:A:G,3,134816024,0.261326
chr3:81623093:A:G,3,81623093,0.260383
chr3:53490886:A:G,3,53490886,0.138901
chr3:19195380:A:G,3,19195380,0.617072
chr3:54893967:A:G,3,54893967,0.531019
chr3:127571861:A:G,3,127571861,0.79864
chr3:186270390:A:G,3,186270390,0.111125
chr3:103390121:A:G,3,103390121,0.213824
chr3:197416975:A:G,3,197416975,0.280532
chr3:33273485:A:G,3,33273485,0.20823
chr3:170423308:A:G,3,170423308,0.772116
chr3:187059057:A:G,3,187059057,0.46745
chr3:37101646:A:G,3,37101646,0.370335
chr3:147763995:A:G,3,147763995,0.173608
chr3:120171001:A:G,3,120171001,0.571362
chr3:111626748:A:G,3,111626748,0.931195
chr3:55129739:A:G,3,55129739,0.881139
chr3:137390635:A:G,3,137390635,0.637438
chr3:186770527:A:G,3,186770527,0.871962
chr3:78432049:A:G,3,78432049,0.650467
chr3:20028625:A:G,3,20028625,0.0237804
chr3:193461913:A:G,3,193461913,0.889489
chr3:20974922:A:G,3,20974922,0.387757
chr3:105650301:A:G,3,105650301,0.541167
chr3:96242305:A:G,3,96242305,0.048485
chr3:191106452:A:G,3,191106452,0.353943
chr3:155788105:A:G,3,155788105,0.602692
chr3:9699706:A:G,3,9699706,0.868291
chr3:88084228:A:G,3,88084228,0.847521
chr3:140012213:A:G,3,140012213,0.755051
chr3:40055430:A:G,3,40055430,0.0333214
chr3:157944124:A:G,3,157944124,0.267503
chr3:122357:A:G,3,122357,0.717824
chr3:799966:A:G,3,799966,0.142854
chr3:118429643:A:G,3,118429643,0.559357
chr3:63983811:A:G,3,63983811,0.661275
chr3:21410052:A:G,3,21410052,0.935883
chr3:195829091:A:G,3,195829091,0.60873
chr3:44517159:A:G,3,44517159,0.46395
chr3:52009834:A:G,3,52009834,0.555733
chr3:56811352:A:G,3,56811352,0.00717382
chr3:132627800:A:G,3,132627800,0.755595
chr3:183189926:A:G,3,183189926,0.860972
chr3:127061834:A:G,3,127061834,0.806626
chr3:190761934:A:G,3,190761934,0.236552
chr3:9585210:A:G,3,9585210,0.00804846
chr3:12872102:A:G,3,12872102,0.226247
chr3:113023411:A:G,3,113023411,0.294829
chr3:60798396:A:G,3,60798396,0.0087114
chr3:12306454:A:G,3,12306454,0.405297
chr3:73970800:A:G,3,73970800,0.984025
chr3:86241654:A:G,3,86241654,0.740783
chr3:96293059:A:G,3,96293059,0.0210612
chr3:150885561:A:G,3,150885561,0.508306
chr3:93252766:A:G,3,93252766,0.219251
chr3:42317789:A:G,3,42317789,0.446877
chr3:9976291:A:G,3,9976291,0.342651
chr3:7683996:A:G,3,7683996,0.482937
chr3:103305377:A:G,3,103305377,0.453067
chr3:137232413:A:G,3,137232413,0.772588
chr3:31923052:A:G,3,31923052,0.0624707
chr3:77609640:A:G,3,77609640,0.705947
chr3:112308179:A:G,3,112308179,0.672489
chr3:66425594:A:G,3,66425594,0.27789
chr3:88405001:A:G,3,88405001,0.283163
chr3:179116817:A:G,3,179116817,0.685856
chr3:50765629:A:G,3,50765629,0.0920528
chr3:135871474:A:G,3,135871474,0.535598
chr3:14033318:A:G,3,14033318,0.372496
chr4:48445602:A:G,4,48445602,0.467049
chr4:189908096:A:G,4,189908096,0.200551
chr4:173303891:A:G,4,173303891,0.479984
chr4:24106566:A:G,4,24106566,0.679667
chr4:87380660:A:G,4,87380660,0.728447
chr4:10835546:A:G,4,10835546,0.656534
chr4:105263171:A:G,4,105263171,0.377752
chr4:176267131:A:G,4,176267131,0.546077
chr4:26677820:A:G,4,26677820,0.0312222
chr4:160279777:A:G,4,160279777,0.566037
chr4:125662441:A:G,4,125662441,0.303913
chr4:172279847:A:G,4,172279847,0.962643
chr4:147948630:A:G,4,147948630,0.0301179
chr4:147706519:A:G,4,147706519,0.30367
chr4:160391698:A:G,4,160391698,0.252048
chr4:3892761:A:G,4,3892761,0.423742
chr4:128317139:A:G,4,128317139,0.313996
chr4:93468023:A:G,4,93468023,0.471143
chr4:141769408:A:G,4,141769408,0.0863175
chr4:63072997:A:G,4,63072997,0.597832
chr4:154347935:A:G,4,154347935,0.168427
chr4:177281108:A:G,4,177281108,0.566877
chr4:30816823:A:G,4,30816823,0.552193
chr4:135627904:A:G,4,135627904,0.572998
chr4:35279363:A:G,4,35279363,0.911319
chr4:70358227:A:G,4,70358227,0.645937
chr4:6808223:A:G,4,6808223,0.438396
chr4:11740032:A:G,4,11740032,0.812409
chr4:41892444:A:G,4,41892444,0.599551
chr4:90950260:A:G,4,90950260,0.706606
chr4:116892289:A:G,4,116892289,0.366324
chr4:10001544:A:G,4,10001544,0.981559
chr4:121825588:A:G,4,121825588,0.532567
chr4:145658304:A:G,4,145658304,0.941596
chr4:55106331:A:G,4,55106331,0.928358
chr4:134037688:A:G,4,134037688,0.946703
chr4:131273297:A:G,4,131273297,0.827684
chr4:54093134:A:G,4,54093134,0.763107
chr4:53221395:A:G,4,53221395,0.0319214
chr4:24444713:A:G,4,24444713,0.837182
chr4:173813141:A:G,4,173813141,0.772659
chr4:62831186:A:G,4,62831186,0.826634
chr4:132419057:A:G,4,132419057,0.409202
chr4:119707650:A:G,4,119707650,0.35542
chr4:36079721:A:G,4,36079721,0.552393
chr4:32754093:A:G,4,32754093,0.0440836
chr4:45185721:A:G,4,45185721,0.506752
chr4:144960732:A:G,4,144960732,0.98729
chr4:50499685:A:G,4,50499685,0.10879
chr4:12650395:A:G,4,12650395,0.99794
chr4:80845700:A:G,4,80845700,0.120743
chr4:61562630:A:G,4,61562630,0.103808
chr4:147476513:A:G,4,147476513,0.33237
chr4:151176496:A:G,4,151176496,0.121627
chr4:164137168:A:G,4,164137168,0.858824
chr4:97013181:A:G,4,97013181,0.770729
chr4:30260867:A:G,4,30260867,0.63377
chr4:70722178:A:G,4,70722178,0.423229
chr4:29646878:A:G,4,29646878,0.781539
chr4:30993297:A:G,4,30993297,0.625648
chr4:186718687:A:G,4,186718687,0.488494
chr4:139943481:A:G,4,139943481,0.535601
chr4:158851609:A:G,4,158851609,0.907062
chr4:158796439:A:G,4,158796439,0.798855
chr4:175918311:A:G,4,175918311,0.294512
chr4:141542015:A:G,4,141542015,0.299163
chr4:127227857:A:G,4,127227857,0.963262
chr4:190136288:A:G,4,190136288,0.959551
chr4:11621249:A:G,4,11621249,0.0120925
chr4:173225179:A:G,4,173225179,0.864867
chr4:26246144:A:G,4,26246144,0.123859
chr4:125697720:A:G,4,125697720,0.582198
chr4:154487498:A:G,4,154487498,0.245187
chr4:23644429:A:G,4,23644429,0.0304343
chr4:185265602:A:G,4,185265602,0.268118
chr4:169432017:A:G,4,169432017,0.632569
chr4:105780835:A:G,4,105780835,0.962655
chr4:57409529:A:G,4,57409529,0.783936
chr4:169163245:A:G,4,169163245,0.671939
chr4:130740329:A:G,4,130740329,0.565482
chr4:113589080:A:G,4,113589080,0.68236
chr4:160787412:A:G,4,160787412,0.368902
chr4:154378725:A:G,4,154378725,0.447218
chr4:92187642:A:G,4,92187642,0.592122
chr4:73830120:A:G,4,73830120,0.215038
chr4:27632663:A:G,4,27632663,0.738877
chr4:9446167:A:G,4,9446167,0.470818
chr4:26900167:A:G,4,26900167,0.949291
chr4:115760573:A:G,4,115760573,0.859509
chr4:63794493:A:G,4,63794493,0.150427
chr4:110602301:A:G,4,110602301,0.657135
chr4:123008853:A:G,4,123008853,0.428243
chr4:173723013:A:G,4,173723013,0.339172
chr4:90616991:A:G,4,90616991,0.746094
chr4:14665783:A:G,4,14665783,0.663581
chr4:175500804:A:G,4,175500804,0.551352
chr4:51323414:A:G,4,51323414,0.544269
chr4:57745843:A:G,4,57745843,0.792287
chr4:97415453:A:G,4,97415453,0.85685
chr4:157749619:A:G,4,157749619,0.938374
chr4:56806709:A:G,4,56806709,0.607841
chr4:182362430:A:G,4,182362430,0.0459182
chr4:70528279:A:G,4,70528279,0.267984
chr4:142023050:A:G,4,142023050,0.941907
chr4:181024501:A:G,4,181024501,0.187914
chr4:89315029:A:G,4,89315029,0.923692
chr4:48332797:A:G,4,48332797,0.103603
chr4:165031123:A:G,4,165031123,0.976785
chr4:3039472:A:G,4,3039472,0.919329
chr4:37887256:A:G,4,37887256,0.270157
chr4:70511830:A:G,4,70511830,0.905219
chr4:187122772:A:G,4,187122772,0.674385
chr4:167244338:A:G,4,167244338,0.256089
chr4:172046427:A:G,4,172046427,0.324496
chr4:75413380:A:G,4,75413380,0.417585
chr4:171329084:A:G,4,171329084,0.388234
chr4:110725340:A:G,4,110725340,0.379978
chr4:102421848:A:G,4,102421848,0.910256
chr4:20531074:A:G,4,20531074,0.562569
chr4:66612727:A:G,4,66612727,0.7444
chr4:122290312:A:G,4,122290312,0.424576
chr4:31654129:A:G,4,31654129,0.430301
chr4:137250760:A:G,4,137250760,0.121689
chr4:136283119:A:G,4,136283119,0.42821
chr4:71926877:A:G,4,71926877,0.104608
chr4:3428929:A:G,4,3428929,0.569199
chr4:11553804:A:G,4,11553804,0.901303
chr4:161245063:A:G,4,161245063,0.285001
chr4:3101643:A:G,4,3101643,0.755401
chr4:79249731:A:G,4,79249731,0.0193687
chr4:21210832:A:G,4,21210832,0.816338
chr4:136798032:A:G,4,136798032,0.359962
chr4:185680568:A:G,4,185680568,0.934047
chr4:40982413:A:G,4,40982413,0.0849379
chr4:26182759:A:G,4,26182759,0.0323931
chr4:90151927:A:G,4,90151927,0.00461693
chr4:10550155:A:G,4,10550155,0.629097
chr4:20207728:A:G,4,20207728,0.832685
chr4:128251222:A:G,4,128251222,0.680433
chr4:154476254:A:G,4,154476254,0.0501698
chr4:107341942:A:G,4,107341942,0.416135
chr4:148790957:A:G,4,148790957,0.518226
chr4:100285329:A:G,4,100285329,0.227742
chr4:125138071:A:G,4,125138071,0.488898
chr4:91653243:A:G,4,91653243,0.554484
chr4:108442721:A:G,4,108442721,0.564193
chr4:134161210:A:G,4,134161210,0.141506
chr4:140173361:A:G,4,140173361,0.240825
chr4:122432246:A:G,4,122432246,0.271415
chr4:175821349:A:G,4,175821349,0.511767
chr5:22879549:A:G,5,22879549,0.984283
chr5:72605252:A:G,5,72605252,0.674896
chr5:8497281:A:G,5,8497281,0.265734
chr5:30532162:A:G,5,30532162,0.173661
chr5:22302887:A:G,5,22302887,0.261121
chr5:62691562:A:G,5,62691562,0.613661
chr5:139436351:A:G,5,139436351,0.627772
chr5:112542308:A:G,5,112542308,0.264432
chr5:128559336:A:G,5,128559336,0.274797
chr5:143142655:A:G,5,143142655,0.0119367
chr5:46817773:A:G,5,46817773,0.123614
chr5:54576468:A:G,5,54576468,0.919363
chr5:12951333:A:G,5,12951333,0.263369
chr5:172683170:A:G,5,172683170,0.4172
chr5:53237901:A:G,5,53237901,0.345583
chr5:163946936:A:G,5,163946936,0.878096
chr5:6851331:A:G,5,6851331,0.22638
chr5:167536594:A:G,5,167536594,0.793168
chr5:120967919:A:G,5,120967919,0.175209
chr5:12597896:A:G,5,12597896,0.81811
chr5:74073192:A:G,5,74073192,0.701142
chr5:163885627:A:G,5,163885627,0.525845
chr5:124113116:A:G,5,124113116,0.258117
chr5:26685419:A:G,5,26685419,0.0258161
chr5:143763145:A:G,5,143763145,0.645518
chr5:52706851:A:G,5,52706851,0.42015
chr5:845129:A:G,5,845129,0.148666
chr5:67058904:A:G,5,67058904,0.585685
chr5:57082684:A:G,5,57082684,0.193002
chr5:175133613:A:G,5,175133613,0.20652
chr5:43302502:A:G,5,43302502,0.475922
chr5:134624406:A:G,5,134624406,0.502192
chr5:37563461:A:G,5,37563461,0.0535818
chr5:176633984:A:G,5,176633984,0.649817
chr5:43166292:A:G,5,43166292,0.34107
chr5:72997618:A:G,5,72997618,0.35661
chr5:65783716:A:G,5,65783716,0.78354
chr5:136337246:A:G,5,136337246,0.894428
chr5:83254259:A:G,5,83254259,0.444455
chr5:100379192:A:G,5,100379192,0.295862
chr5:139179603:A:G,5,139179603,0.479526
chr5:148445475:A:G,5,148445475,0.0790838
chr5:76086937:A:G,5,76086937,0.139441
chr5:134706647:A:G,5,134706647,0.106767
chr5:103032010:A:G,5,103032010,0.576416
chr5:32286494:A:G,5,32286494,0.261681
chr5:69347355:A:G,5,69347355,0.577062
chr5:161234465:A:G,5,161234465,0.292227
chr5:55427865:A:G,5,55427865,0.878009
chr5:54555187:A:G,5,54555187,0.253872
chr5:89726649:A:G,5,89726649,1.26384e-06
chr5:102711557:A:G,5,102711557,0.830167
chr5:41722999:A:G,5,41722999,0.926611
chr5:125844247:A:G,5,125844247,0.707974
chr5:108556656:A:G,5,108556656,0.747912
chr5:145238339:A:G,5,145238339,0.0752639
chr5:82865621:A:G,5,82865621,0.656558
chr5:155150800:A:G,5,155150800,0.496442
chr5:136249078:A:G,5,136249078,0.678187
chr5:173448700:A:G,5,173448700,0.944591
chr5:70440185:A:G,5,70440185,0.203638
chr5:59071870:A:G,5,59071870,0.539389
chr5:113094713:A:G,5,113094713,0.423375
chr5:75263303:A:G,5,75263303,0.578489
chr5:59607669:A:G,5,59607669,0.912073
chr5:82285101:A:G,5,82285101,0.486559
chr5:174156717:A:G,5,174156717,0.216615
chr5:45780199:A:G,5,45780199,0.700335
chr5:83026888:A:G,5,83026888,0.0834946
chr5:93743312:A:G,5,93743312,0.744298
chr5:110938991:A:G,5,110938991,0.298294
chr5:140076198:A:G,5,140076198,0.663084
chr5:84210121:A:G,5,84210121,0.0984385
chr5:37490688:A:G,5,37490688,0.969195
chr5:40883016:A:G,5,40883016,0.128018
chr5:163446971:A:G,5,163446971,0.0870552
chr5:139196560:A:G,5,139196560,0.319489
chr5:153442390:A:G,5,153442390,0.829933
chr5:84175585:A:G,5,84175585,0.373514
chr5:89034614:A:G,5,89034614,0.0702184
chr5:82109168:A:G,5,82109168,0.673167
chr5:144268928:A:G,5,144268928,0.755854
chr5:140047056:A:G,5,140047056,0.618819
chr5:1483263:A:G,5,1483263,0.966593
chr5:132224175:A:G,5,132224175,0.658958
chr5:81590300:A:G,5,81590300,0.593804
chr5:51371621:A:G,5,51371621,0.865059
chr5:49427788:A:G,5,49427788,0.195472
chr5:68607019:A:G,5,68607019,0.0553166
chr5:164475645:A:G,5,164475645,0.321217
chr5:67574319:A:G,5,67574319,0.266919
chr5:101881531:A:G,5,101881531,0.183472
chr5:143745077:A:G,5,143745077,0.433034
chr5:45854738:A:G,5,45854738,0.320789
chr5:128831655:A:G,5,128831655,0.0905878
chr5:3674898:A:G,5,3674898,0.363434
chr5:126986312:A:G,5,126986312,0.463958
chr5:6493073:A:G,5,6493073,0.291864
chr5:109626407:A:G,5,109626407,0.88041
chr5:12225048:A:G,5,12225048,0.531191
chr5:38816432:A:G,5,38816432,0.539083
chr5:63610119:A:G,5,63610119,0.546658
chr5:89518625:A:G,5,89518625,0.500537
chr5:21589956:A:G,5,21589956,0.138698
chr5:167550868:A:G,5,167550868,0.685334
chr5:94637564:A:G,5,94637564,0.221386
chr5:125784567:A:G,5,125784567,0.852971
chr5:127243898:A:G,5,127243898,0.205977
chr5:72580385:A:G,5,72580385,0.300389
chr5:14012081:A:G,5,14012081,0.932318
chr5:35273749:A:G,5,35273749,0.512773
chr5:49485967:A:G,5,49485967,0.289052
chr5:100643668:A:G,5,100643668,0.937377
chr5:70458813:A:G,5,70458813,0.772686
chr5:78520453:A:G,5,78520453,0.63682
chr5:75045556:A:G,5,75045556,0.286119
chr5:85974126:A:G,5,85974126,0.454878
chr5:89751075:A:G,5,89751075,0.343056
chr5:39005065:A:G,5,39005065,0.79001
chr5:31790099:A:G,5,31790099,0.243656
chr5:116601082:A:G,5,116601082,0.924316
chr5:38341909:A:G,5,38341909,0.796985
chr5:49000893:A:G,5,49000893,0.29441
chr5:132763250:A:G,5,132763250,0.435071
chr5:81627474:A:G,5,81627474,0.100662
chr5:98139371:A:G,5,98139371,0.732982
chr5:101838994:A:G,5,101838994,0.626297
chr5:127365784:A:G,5,127365784,0.460702
chr5:93145188:A:G,5,93145188,0.223946
chr5:40541823:A:G,5,40541823,0.117091
chr5:144977177:A:G,5,144977177,0.471546
chr5:45380786:A:G,5,45380786,0.711128
chr5:50843009:A:G,5,50843009,0.127509
chr5:95788962:A:G,5,95788962,0.176677
chr5:35230165:A:G,5,35230165,0.381973
chr5:108918766:A:G,5,108918766,0.457933
chr5:46073679:A:G,5,46073679,0.445001
chr5:173136428:A:G,5,173136428,0.584305
chr5:51504614:A:G,5,51504614,0.319804
chr5:118532870:A:G,5,118532870,0.697078
chr5:103107872:A:G,5,103107872,0.083338
chr5:93679216:A:G,5,93679216,0.607187
chr5:23872111:A:G,5,23872111,0.993755
chr5:48171967:A:G,5,48171967,0.340006
chr5:25949318:A:G,5,25949318,0.467309
chr5:126653439:A:G,5,126653439,0.39752
chr5:12761595:A:G,5,12761595,0.733672
chr5:66616027:A:G,5,66616027,0.186082
chr5:121502364:A:G,5,121502364,0.515247
chr5:150730875:A:G,5,150730875,0.0825498
chr6:19162251:A:G,6,19162251,0.271207
chr6:75748661:A:G,6,75748661,0.432511
chr6:136445580:A:G,6,136445580,0.637137
chr6:129959395:A:G,6,129959395,0.730633
chr6:67502543:A:G,6,67502543,0.457926
chr6:115541998:A:G,6,115541998,0.642813
chr6:31313377:A:G,6,31313377,0.388953
chr6:40242394:A:G,6,40242394,0.724784
chr6:125678735:A:G,6,125678735,0.553734
chr6:129254599:A:G,6,129254599,0.170707
chr6:17117162:A:G,6,17117162,0.193076
chr6:161140072:A:G,6,161140072,0.983099
chr6:52575022:A:G,6,52575022,0.443465
chr6:139978893:A:G,6,139978893,0.259187
chr6:45362162:A:G,6,45362162,0.998804
chr6:48897575:A:G,6,48897575,0.86748
chr6:52372257:A:G,6,52372257,0.307183
chr6:94536290:A:G,6,94536290,0.912669
chr6:4198268:A:G,6,4198268,0.693823
chr6:38532938:A:G,6,38532938,0.436334
chr6:95887953:A:G,6,95887953,0.38785
chr6:36263098:A:G,6,36263098,0.698493
chr6:84101784:A:G,6,84101784,0.768448
chr6:16184262:A:G,6,16184262,0.0581557
chr6:62090699:A:G,6,62090699,0.438028
chr6:113155350:A:G,6,113155350,0.693931
chr6:151206154:A:G,6,151206154,0.779652
chr6:127436028:A:G,6,127436028,0.724115
chr6:30214187:A:G,6,30214187,0.859131
chr6:101362222:A:G,6,101362222,0.328495
chr6:62749049:A:G,6,62749049,0.963135
chr6:92339904:A:G,6,92339904,0.841393
chr6:119240747:A:G,6,119240747,0.511145
chr6:40952145:A:G,6,40952145,0.453589
chr6:20398893:A:G,6,20398893,0.00746625
chr6:53931033:A:G,6,53931033,0.186724
chr6:39311117:A:G,6,39311117,0.961735
chr6:62415374:A:G,6,62415374,0.587294
chr6:5898324:A:G,6,5898324,0.649996
chr6:76685063:A:G,6,76685063,0.509106
chr6:125054735:A:G,6,125054735,0.288666
chr6:116071694:A:G,6,116071694,0.781638
chr6:33609042:A:G,6,33609042,0.0459463
chr6:38278171:A:G,6,38278171,0.501014
chr6:41827338:A:G,6,41827338,0.728752
chr6:89300704:A:G,6,89300704,0.887429
chr6:65333365:A:G,6,65333365,0.180913
chr6:163768527:A:G,6,163768527,0.431749
chr6:67689959:A:G,6,67689959,0.0290264
chr6:54502631:A:G,6,54502631,0.535954
chr6:3406327:A:G,6,3406327,0.574918
chr6:61122625:A:G,6,61122625,0.517768
chr6:67691746:A:G,6,67691746,0.903461
chr6:166729148:A:G,6,166729148,0.380818
chr6:117724662:A:G,6,117724662,0.792591
chr6:91968165:A:G,6,91968165,0.949005
chr6:28124279:A:G,6,28124279,0.514373
chr6:156693980:A:G,6,156693980,0.11597
chr6:88632330:A:G,6,88632330,0.175218
chr6:39964678:A:G,6,39964678,0.869143
chr6:9424134:A:G,6,9424134,0.721847
chr6:69897852:A:G,6,69897852,0.578293
chr6:1487886:A:G,6,1487886,0.026982
chr6:169491107:A:G,6,169491107,0.934942
chr6:125038913:A:G,6,125038913,0.698758
chr6:31381046:A:G,6,31381046,0.938624
chr6:117137292:A:G,6,117137292,0.636747
chr6:67547720:A:G,6,67547720,0.0762183
chr6:149139976:A:G,6,149139976,0.437131
chr6:146897355:A:G,6,146897355,0.46899
chr6:136413338:A:G,6,136413338,0.811265
chr6:29643423:A:G,6,29643423,0.807326
chr6:65863434:A:G,6,65863434,0.913372
chr6:105288584:A:G,6,105288584,0.854808
chr6:21919872:A:G,6,21919872,0.466631
chr6:75937708:A:G,6,75937708,0.891729
chr6:16276361:A:G,6,16276361,0.163215
chr6:124893397:A:G,6,124893397,0.217794
chr6:168456178:A:G,6,168456178,0.284157
chr6:155969611:A:G,6,155969611,0.777541
chr6:123948035:A:G,6,123948035,0.805876
chr6:30628268:A:G,6,30628268,0.649359
chr6:147763861:A:G,6,147763861,0.545123
chr6:65910334:A:G,6,65910334,0.667723
chr6:136721319:A:G,6,136721319,0.785539
chr6:8319657:A:G,6,8319657,0.572796
chr6:73114627:A:G,6,73114627,0.230569
chr6:84959874:A:G,6,84959874,0.812449
chr6:83251774:A:G,6,83251774,0.860019
chr6:111455214:A:G,6,111455214,0.358828
chr6:62383254:A:G,6,62383254,0.34083
chr6:92617943:A:G,6,92617943,0.587349
chr6:160853159:A:G,6,160853159,0.079539
chr6:55191255:A:G,6,55191255,0.121469
chr6:151606365:A:G,6,151606365,0.769619
chr6:27479761:A:G,6,27479761,0.269917
chr6:32183586:A:G,6,32183586,0.414238
chr6:78135092:A:G,6,78135092,0.33187
chr6:234496:A:G,6,234496,0.0337199
chr6:35646642:A:G,6,35646642,0.317017
chr6:11076019:A:G,6,11076019,0.421104
chr6:58005600:A:G,6,58005600,0.801876
chr6:58177153:A:G,6,58177153,0.347454
chr6:85832114:A:G,6,85832114,0.22494
chr6:56729831:A:G,6,56729831,0.0569435
chr6:40310087:A:G,6,40310087,0.926301
chr6:55331232:A:G,6,55331232,0.849487
chr6:71335864:A:G,6,71335864,0.9161
chr6:159617924:A:G,6,159617924,0.710766
chr6:168443881:A:G,6,168443881,0.390607
chr6:92613342:A:G,6,92613342,0.992233
chr6:77624827:A:G,6,77624827,0.273875
chr6:125780155:A:G,6,125780155,0.85385
chr6:56990250:A:G,6,56990250,0.945289
chr6:38267475:A:G,6,38267475,0.837861
chr6:18641258:A:G,6,18641258,0.0557379
chr6:168038891:A:G,6,168038891,0.695895
chr6:166151593:A:G,6,166151593,0.24743
chr6:96299553:A:G,6,96299553,0.267244
chr6:129368357:A:G,6,129368357,0.0103297
chr6:25002635:A:G,6,25002635,0.236938
chr6:166242212:A:G,6,166242212,0.565243
chr6:71247131:A:G,6,71247131,0.64814
chr6:25896509:A:G,6,25896509,0.690287
chr6:77616301:A:G,6,77616301,0.957139
chr6:155889361:A:G,6,155889361,0.0645413
chr6:144242157:A:G,6,144242157,0.790386
chr6:38528209:A:G,6,38528209,0.639007
chr6:17135978:A:G,6,17135978,0.21312
chr6:116328746:A:G,6,116328746,0.919318
chr6:101707913:A:G,6,101707913,0.25856
chr6:76803937:A:G,6,76803937,0.00215548
chr6:103108144:A:G,6,103108144,0.960923
chr6:4149865:A:G,6,4149865,0.994906
chr6:148935431:A:G,6,148935431,0.677156
chr6:141699088:A:G,6,141699088,0.750116
chr6:82649712:A:G,6,82649712,0.932044
chr6:66139568:A:G,6,66139568,0.180474
chr6:103120784:A:G,6,103120784,0.69441
chr6:13569057:A:G,6,13569057,0.168849
chr6:87318292:A:G,6,87318292,0.265615
chr6:38803518:A:G,6,38803518,0.0604178
chr6:96209539:A:G,6,96209539,0.794786
chr6:72600869:A:G,6,72600869,0.705417
chr6:48787597:A:G,6,48787597,0.304069
chr6:43578499:A:G,6,43578499,0.265803
chr6:13360534:A:G,6,13360534,0.506058
chr6:115040010:A:G,6,115040010,0.519223
chr6:108885071:A:G,6,108885071,0.516878
chr6:109988607:A:G,6,109988607,0.933545
chr7:23470410:A:G,7,23470410,0.185535
chr7:31508879:A:G,7,31508879,0.361373
chr7:31762107:A:G,7,31762107,0.776615
chr7:150095054:A:G,7,150095054,0.256926
chr7:98088983:A:G,7,98088983,0.561266
chr7:43358084:A:G,7,43358084,0.138224
chr7:64700646:A:G,7,64700646,0.960585
chr7:152476169:A:G,7,152476169,0.651276
chr7:135061742:A:G,7,135061742,0.473341
chr7:129459650:A:G,7,129459650,0.769385
chr7:6102508:A:G,7,6102508,0.913775
chr7:81833653:A:G,7,81833653,0.900725
chr7:59595461:A:G,7,59595461,0.905918
chr7:103769310:A:G,7,103769310,0.420392
chr7:99347126:A:G,7,99347126,0.38519
chr7:34120561:A:G,7,34120561,0.723323
chr7:85418945:A:G,7,85418945,0.0729377
chr7:73726739:A:G,7,73726739,0.139237
chr7:45852079:A:G,7,45852079,0.902067
chr7:50870423:A:G,7,50870423,0.0190845
chr7:65861815:A:G,7,65861815,0.232388
chr7:42802569:A:G,7,42802569,0.136266
chr7:8802551:A:G,7,8802551,0.4297
chr7:63936092:A:G,7,63936092,0.717412
chr7:156579683:A:G,7,156579683,0.425824
chr7:96273706:A:G,7,96273706,0.47235
chr7:17175102:A:G,7,17175102,0.717198
chr7:6656215:A:G,7,6656215,0.441583
chr7:97208622:A:G,7,97208622,0.447939
chr7:74476742:A:G,7,74476742,0.964636
chr7:13459657:A:G,7,13459657,0.861955
chr7:60624157:A:G,7,60624157,0.253184
chr7:14899252:A:G,7,14899252,0.988241
chr7:28449226:A:G,7,28449226,0.143062
chr7:33447110:A:G,7,33447110,0.128814
chr7:7101236:A:G,7,7101236,0.695711
chr7:36691801:A:G,7,36691801,0.874613
chr7:115710327:A:G,7,115710327,0.872368
chr7:52623698:A:G,7,52623698,0.804142
chr7:34087654:A:G,7,34087654,0.813031
chr7:70251413:A:G,7,70251413,0.291304
chr7:8950173:A:G,7,8950173,0.246659
chr7:13123829:A:G,7,13123829,0.0878494
chr7:75121799:A:G,7,75121799,0.488713
chr7:95563416:A:G,7,95563416,0.0688745
chr7:119007363:A:G,7,119007363,0.809051
chr7:77193299:A:G,7,77193299,0.672744
chr7:17776130:A:G,7,17776130,0.966538
chr7:42357349:A:G,7,42357349,0.482014
chr7:128279008:A:G,7,128279008,0.564201
chr7:52371156:A:G,7,52371156,0.807211
chr7:32308420:A:G,7,32308420,0.448563
chr7:50860326:A:G,7,50860326,0.331013
chr7:110113241:A:G,7,110113241,0.994672
chr7:99566300:A:G,7,99566300,0.759894
chr7:129364267:A:G,7,129364267,0.358161
chr7:145346470:A:G,7,145346470,0.735914
chr7:101610541:A:G,7,101610541,0.782563
chr7:72194207:A:G,7,72194207,0.995259
chr7:8783974:A:G,7,8783974,0.904907
chr7:31324723:A:G,7,31324723,0.115667
chr7:151304233:A:G,7,151304233,0.414274
chr7:124548259:A:G,7,124548259,0.4453
chr7:81156944:A:G,7,81156944,0.298907
chr7:136776893:A:G,7,136776893,0.958363
chr7:74039278:A:G,7,74039278,0.424975
chr7:92932452:A:G,7,92932452,0.592245
chr7:81705876:A:G,7,81705876,0.148779
chr7:113474431:A:G,7,113474431,0.122305
chr7:123821312:A:G,7,123821312,0.864948
chr7:45539941:A:G,7,45539941,0.211929
chr7:105047999:A:G,7,105047999,0.293967
chr7:30044167:A:G,7,30044167,0.0907432
chr7:88074281:A:G,7,88074281,0.753917
chr7:100848743:A:G,7,100848743,0.524345
chr7:101192156:A:G,7,101192156,0.162509
chr7:105380:A:G,7,105380,0.934718
chr7:24783165:A:G,7,24783165,0.571778
chr7:26645938:A:G,7,26645938,0.611856
chr7:33450352:A:G,7,33450352,0.343491
chr7:107959868:A:G,7,107959868,0.179294
chr7:28879494:A:G,7,28879494,0.713834
chr7:56756791:A:G,7,56756791,0.632581
chr7:143851806:A:G,7,143851806,0.739382
chr7:41493508:A:G,7,41493508,0.704917
chr7:128578903:A:G,7,128578903,0.112365
chr7:120074416:A:G,7,120074416,0.647335
chr7:147047510:A:G,7,147047510,0.334195
chr7:122553787:A:G,7,122553787,0.0705768
chr7:19801458:A:G,7,19801458,0.155977
chr7:95373299:A:G,7,95373299,0.603571
chr7:82561417:A:G,7,82561417,0.322293
chr7:69088296:A:G,7,69088296,0.705146
chr7:71998129:A:G,7,71998129,0.217297
chr7:82034577:A:G,7,82034577,0.16522
chr7:97740199:A:G,7,97740199,0.542117
chr7:106435776:A:G,7,106435776,0.405171
chr7:59030126:A:G,7,59030126,0.99748
chr7:13199898:A:G,7,13199898,0.600151
chr7:87912697:A:G,7,87912697,0.000853464
chr7:133679709:A:G,7,133679709,0.926673
chr7:152375570:A:G,7,152375570,0.968947
chr7:97269182:A:G,7,97269182,0.714421
chr7:59256678:A:G,7,59256678,0.876721
chr7:20767773:A:G,7,20767773,0.0689283
chr7:40612536:A:G,7,40612536,0.296176
chr7:154290755:A:G,7,154290755,0.646571
chr7:28971525:A:G,7,28971525,0.279933
chr7:134907547:A:G,7,134907547,0.234587
chr7:85750610:A:G,7,85750610,0.400839
chr7:78641345:A:G,7,78641345,0.231884
chr7:42439084:A:G,7,42439084,0.131636
chr7:7960297:A:G,7,7960297,0.73013
chr7:152838749:A:G,7,152838749,0.514442
chr7:118041350:A:G,7,118041350,0.224085
chr7:34264363:A:G,7,34264363,0.084861
chr7:47178449:A:G,7,47178449,0.980328
chr7:122356854:A:G,7,122356854,0.307094
chr7:88797284:A:G,7,88797284,0.882055
chr7:8158903:A:G,7,8158903,0.612858
chr7:137319138:A:G,7,137319138,0.360836
chr7:12130266:A:G,7,12130266,0.477531
chr7:76538741:A:G,7,76538741,0.449989
chr7:91625218:A:G,7,91625218,0.548734
chr7:92605154:A:G,7,92605154,0.371302
chr7:158924222:A:G,7,158924222,0.905176
chr7:79314581:A:G,7,79314581,0.151969
chr7:125731877:A:G,7,125731877,0.977915
chr7:119516942:A:G,7,119516942,0.484069
chr7:86484116:A:G,7,86484116,0.0875289
chr7:43173322:A:G,7,43173322,0.674877
chr7:46717368:A:G,7,46717368,0.921212
chr7:34036327:A:G,7,34036327,0.400422
chr7:98782655:A:G,7,98782655,0.18741
chr7:72955988:A:G,7,72955988,0.462707
chr7:113548729:A:G,7,113548729,0.37355
chr7:5080227:A:G,7,5080227,0.646143
chr7:62307019:A:G,7,62307019,0.166373
chr7:110610234:A:G,7,110610234,0.677434
chr7:38095012:A:G,7,38095012,0.418099
chr7:6627031:A:G,7,6627031,0.348681
chr7:117373709:A:G,7,117373709,0.267174
chr7:109879390:A:G,7,109879390,0.994985
chr7:148390357:A:G,7,148390357,0.0684705
chr7:152008206:A:G,7,152008206,0.281837
chr7:43365152:A:G,7,43365152,0.414775
chr7:38005359:A:G,7,38005359,0.341102
chr7:106967186:A:G,7,106967186,0.209568
chr7:113311828:A:G,7,113311828,0.782846
chr7:29286506:A:G,7,29286506,0.108739
chr8:25992138:A:G,8,25992138,0.912724
chr8:56430858:A:G,8,56430858,0.48316
chr8:17696567:A:G,8,17696567,0.109152
chr8:78333856:A:G,8,78333856,0.698532
chr8:16738007:A:G,8,16738007,0.848302
chr8:49820499:A:G,8,49820499,0.634101
chr8:116812475:A:G,8,116812475,0.290584
chr8:134440730:A:G,8,134440730,0.920381
chr8:81520289:A:G,8,81520289,0.37948
chr8:143463830:A:G,8,143463830,0.378248
chr8:30756587:A:G,8,30756587,0.0734406
chr8:97565342:A:G,8,97565342,0.644235
chr8:107251606:A:G,8,107251606,0.00623514
chr8:27268869:A:G,8,27268869,0.285484
chr8:8479171:A:G,8,8479171,0.350174
chr8:103636307:A:G,8,103636307,0.121673
chr8:57067943:A:G,8,57067943,0.581525
chr8:15021242:A:G,8,15021242,0.494259
chr8:18103496:A:G,8,18103496,0.400339
chr8:42946355:A:G,8,42946355,0.904603
chr8:83453596:A:G,8,83453596,0.231238
chr8:132997591:A:G,8,132997591,0.626069
chr8:111844442:A:G,8,111844442,0.605321
chr8:91284836:A:G,8,91284836,0.819612
chr8:79450985:A:G,8,79450985,0.000773091
chr8:94952756:A:G,8,94952756,0.549167
chr8:102091712:A:G,8,102091712,0.52735
chr8:142840885:A:G,8,142840885,0.583283
chr8:32005626:A:G,8,32005626,0.950603
chr8:133878694:A:G,8,133878694,0.754116
chr8:110573202:A:G,8,110573202,0.450301
chr8:34210852:A:G,8,34210852,0.352579
chr8:49047855:A:G,8,49047855,0.0362231
chr8:14285284:A:G,8,14285284,0.714427
chr8:73324101:A:G,8,73324101,0.639702
chr8:118830670:A:G,8,118830670,0.250707
chr8:100225017:A:G,8,100225017,0.764176
chr8:128474064:A:G,8,128474064,0.256922
chr8:85312760:A:G,8,85312760,0.2071
chr8:118983404:A:G,8,118983404,0.00831106
chr8:108923425:A:G,8,108923425,0.289213
chr8:8448231:A:G,8,8448231,0.100438
chr8:113828312:A:G,8,113828312,0.699248
chr8:44456904:A:G,8,44456904,0.386666
chr8:38184115:A:G,8,38184115,0.974129
chr8:75743197:A:G,8,75743197,0.662915
chr8:46812922:A:G,8,46812922,0.138323
chr8:8636103:A:G,8,8636103,0.817225
chr8:57733284:A:G,8,57733284,0.0816123
chr8:83228238:A:G,8,83228238,0.164327
chr8:121453420:A:G,8,121453420,0.792834
chr8:35339335:A:G,8,35339335,0.290399
chr8:65601194:A:G,8,65601194,0.138887
chr8:111573821:A:G,8,111573821,0.680877
chr8:123340283:A:G,8,123340283,0.567047
chr8:62767675:A:G,8,62767675,0.133493
chr8:124608600:A:G,8,124608600,0.390565
chr8:130199385:A:G,8,130199385,0.532072
chr8:23526554:A:G,8,23526554,0.207985
chr8:127674825:A:G,8,127674825,0.0584037
chr8:119727065:A:G,8,119727065,0.800289
chr8:9224759:A:G,8,9224759,0.923795
chr8:44235160:A:G,8,44235160,0.152708
chr8:43969610:A:G,8,43969610,0.523847
chr8:142375104:A:G,8,142375104,0.717362
chr8:28876284:A:G,8,28876284,0.822917
chr8:79199081:A:G,8,79199081,0.371114
chr8:81736808:A:G,8,81736808,0.120676
chr8:120574031:A:G,8,120574031,0.0750312
chr8:91477094:A:G,8,91477094,0.551986
chr8:78058572:A:G,8,78058572,0.878856
chr8:31337541:A:G,8,31337541,0.945754
chr8:128049231:A:G,8,128049231,0.779114
chr8:114246224:A:G,8,114246224,0.573739
chr8:103049233:A:G,8,103049233,0.294893
chr8:121954419:A:G,8,121954419,0.446028
chr8:116220737:A:G,8,116220737,0.514248
chr8:74570772:A:G,8,74570772,0.272963
chr8:44530741:A:G,8,44530741,0.474362
chr8:136588759:A:G,8,136588759,0.267255
chr8:118134426:A:G,8,118134426,0.999943
chr8:1656743:A:G,8,1656743,0.792794
chr8:110752598:A:G,8,110752598,0.341105
chr8:9194058:A:G,8,9194058,0.788987
chr8:93444877:A:G,8,93444877,0.929508
chr8:47950213:A:G,8,47950213,0.659377
chr8:45032137:A:G,8,45032137,0.0761715
chr8:77037600:A:G,8,77037600,0.71015
chr8:79601068:A:G,8,79601068,0.60939
chr8:57390782:A:G,8,57390782,0.657235
chr8:65065550:A:G,8,65065550,0.405236
chr8:114790682:A:G,8,114790682,0.217651
chr8:84397199:A:G,8,84397199,0.91152
chr8:110542416:A:G,8,110542416,0.0978706
chr8:58621304:A:G,8,58621304,0.472419
chr8:16099016:A:G,8,16099016,0.0457281
chr8:48611100:A:G,8,48611100,0.803044
chr8:58559888:A:G,8,58559888,0.684875
chr8:11178253:A:G,8,11178253,0.955669
chr8:79969242:A:G,8,79969242,0.519647
chr8:41853420:A:G,8,41853420,0.159944
chr8:102222976:A:G,8,102222976,0.893076
chr8:120765475:A:G,8,120765475,0.945955
chr8:16466442:A:G,8,16466442,0.68122
chr8:75561825:A:G,8,75561825,0.437459
chr8:51205359:A:G,8,51205359,0.0564645
chr8:14902879:A:G,8,14902879,0.0786302
chr8:30542009:A:G,8,30542009,0.442559
chr8:86191677:A:G,8,86191677,0.134322
chr8:57333937:A:G,8,57333937,0.00059572
chr8:39173023:A:G,8,39173023,0.346228
chr8:47490317:A:G,8,47490317,0.407529
chr8:12236056:A:G,8,12236056,0.721741
chr8:51149888:A:G,8,51149888,0.0705293
chr8:69834389:A:G,8,69834389,0.151494
chr8:20325331:A:G,8,20325331,0.0233934
chr8:64467265:A:G,8,64467265,0.842867
chr8:1544814:A:G,8,1544814,0.100427
chr8:39885161:A:G,8,39885161,0.282526
chr8:58562320:A:G,8,58562320,0.858611
chr8:102245617:A:G,8,102245617,0.304814
chr8:125272869:A:G,8,125272869,0.0651494
chr8:116792509:A:G,8,116792509,0.0874224
chr8:49094190:A:G,8,49094190,0.271738
chr8:125383129:A:G,8,125383129,0.761898
chr8:94016661:A:G,8,94016661,0.490347
chr8:76068182:A:G,8,76068182,0.819952
chr8:107343826:A:G,8,107343826,0.899985
chr8:50930110:A:G,8,50930110,0.381403
chr8:43316984:A:G,8,43316984,0.855322
chr8:36907246:A:G,8,36907246,0.172304
chr8:44041829:A:G,8,44041829,0.510598
chr8:96498950:A:G,8,96498950,0.819019
chr8:101352272:A:G,8,101352272,0.563839
chr8:64060022:A:G,8,64060022,0.843317
chr8:110828353:A:G,8,110828353,0.795023
chr8:74674841:A:G,8,74674841,0.625446
chr8:128378109:A:G,8,128378109,0.394077
chr8:53430875:A:G,8,53430875,0.672599
chr8:114798169:A:G,8,114798169,0.243153
chr8:12836745:A:G,8,12836745,0.565032
chr8:127190473:A:G,8,127190473,0.831924
chr8:14991184:A:G,8,14991184,0.510408
chr8:108380528:A:G,8,108380528,0.937177
chr8:135107852:A:G,8,135107852,0.908786
chr8:115582417:A:G,8,115582417,0.621268
chr8:106437632:A:G,8,106437632,0.00142147
chr8:45293034:A:G,8,45293034,0.344662
chr8:130112300:A:G,8,130112300,0.251562
chr8:94996680:A:G,8,94996680,0.440397
chr9:116051467:A:G,9,116051467,0.414298
chr9:67181566:A:G,9,67181566,0.33518
chr9:65299672:A:G,9,65299672,0.00950008
chr9:85093381:A:G,9,85093381,0.54645
chr9:30691602:A:G,9,30691602,0.384238
chr9:10311227:A:G,9,10311227,0.962932
chr9:19509628:A:G,9,19509628,0.764471
chr9:58648063:A:G,9,58648063,0.633441
chr9:111852187:A:G,9,111852187,0.871015
chr9:18842342:A:G,9,18842342,0.616981
chr9:80446126:A:G,9,80446126,0.011784
chr9:96218631:A:G,9,96218631,0.226036
chr9:30737798:A:G,9,30737798,0.40211
chr9:4906932:A:G,9,4906932,0.256864
chr9:133680514:A:G,9,133680514,0.978872
chr9:46322411:A:G,9,46322411,0.458222
chr9:115226878:A:G,9,115226878,0.788597
chr9:56795882:A:G,9,56795882,0.830908
chr9:89939172:A:G,9,89939172,0.603408
chr9:23189190:A:G,9,23189190,0.500809
chr9:123359954:A:G,9,123359954,0.916746
chr9:70886360:A:G,9,70886360,0.427952
chr9:77043453:A:G,9,77043453,0.301729
chr9:100355154:A:G,9,100355154,0.224081
chr9:33531520:A:G,9,33531520,0.29588
chr9:79099178:A:G,9,79099178,0.5305
chr9:136853880:A:G,9,136853880,0.0229515
chr9:31906245:A:G,9,31906245,0.571275
chr9:73968219:A:G,9,73968219,0.329143
chr9:59866846:A:G,9,59866846,0.782842
chr9:44272498:A:G,9,44272498,0.526671
chr9:95615073:A:G,9,95615073,0.613197
chr9:75187141:A:G,9,75187141,0.950545
chr9:126266264:A:G,9,126266264,0.928749
chr9:19289006:A:G,9,19289006,0.316717
chr9:125967772:A:G,9,125967772,0.568227
chr9:20636277:A:G,9,20636277,0.610831
chr9:91281540:A:G,9,91281540,0.0412165
chr9:79781091:A:G,9,79781091,0.699401
chr9:77323248:A:G,9,77323248,0.854146
chr9:55006241:A:G,9,55006241,0.89982
chr9:91244258:A:G,9,91244258,0.324777
chr9:103405333:A:G,9,103405333,0.68515
chr9:34514495:A:G,9,34514495,0.700718
chr9:43544048:A:G,9,43544048,0.586872
chr9:38745399:A:G,9,38745399,0.889116
chr9:69729739:A:G,9,69729739,0.70898
chr9:31415735:A:G,9,31415735,0.000467613
chr9:86084212:A:G,9,86084212,0.554221
chr9:78404680:A:G,9,78404680,0.390747
chr9:63834589:A:G,9,63834589,0.563226
chr9:68265690:A:G,9,68265690,0.894
chr9:64751164:A:G,9,64751164,0.488492
chr9:131967618:A:G,9,131967618,0.0330672
chr9:107858509:A:G,9,107858509,0.56198
chr9:117527098:A:G,9,117527098,0.735751
chr9:58091159:A:G,9,58091159,0.044743
chr9:122159716:A:G,9,122159716,0.0593427
chr9:127147421:A:G,9,127147421,0.775427
chr9:55066790:A:G,9,55066790,0.440622
chr9:78936938:A:G,9,78936938,0.988266
chr9:33335393:A:G,9,33335393,0.678769
chr9:48541181:A:G,9,48541181,0.434257
chr9:128176078:A:G,9,128176078,0.860761
chr9:107312334:A:G,9,107312334,0.440511
chr9:108683776:A:G,9,108683776,0.566574
chr9:17221027:A:G,9,17221027,0.116797
chr9:64094593:A:G,9,64094593,0.0508648
chr9:75211362:A:G,9,75211362,0.491457
chr9:51207675:A:G,9,51207675,0.0818689
chr9:119853365:A:G,9,119853365,0.899833
chr9:104747253:A:G,9,104747253,0.545133
chr9:38590686:A:G,9,38590686,0.428404
chr9:37936719:A:G,9,37936719,0.488268
chr9:97494036:A:G,9,97494036,0.288504
chr9:129418674:A:G,9,129418674,0.042462
chr9:63140158:A:G,9,63140158,0.181147
chr9:48600820:A:G,9,48600820,0.319754
chr9:111257389:A:G,9,111257389,0.140385
chr9:96267535:A:G,9,96267535,0.901407
chr9:62830292:A:G,9,62830292,0.819674
chr9:21839484:A:G,9,21839484,0.165122
chr9:5511575:A:G,9,5511575,0.175145
chr9:25552283:A:G,9,25552283,0.0931322
chr9:19421978:A:G,9,19421978,0.970958
chr9:59048147:A:G,9,59048147,0.664594
chr9:33931243:A:G,9,33931243,0.617754
chr9:96615151:A:G,9,96615151,0.265592
chr9:19939300:A:G,9,19939300,0.718204
chr9:103710944:A:G,9,103710944,0.848595
chr9:60160352:A:G,9,60160352,0.71294
chr9:55665715:A:G,9,55665715,0.0935504
chr9:50926512:A:G,9,50926512,0.762467
chr9:94734527:A:G,9,94734527,0.929733
chr9:76600131:A:G,9,76600131,0.895499
chr9:53428079:A:G,9,53428079,0.872985
chr9:3552364:A:G,9,3552364,0.0869305
chr9:109487767:A:G,9,109487767,0.97315
chr9:110742971:A:G,9,110742971,0.242571
chr9:75312130:A:G,9,75312130,0.45224
chr9:73663650:A:G,9,73663650,0.683363
chr9:98795394:A:G,9,98795394,0.0367257
chr9:129438205:A:G,9,129438205,0.966476
chr9:24223553:A:G,9,24223553,0.842416
chr9:90579003:A:G,9,90579003,0.54796
chr9:51635281:A:G,9,51635281,0.730479
chr9:12831576:A:G,9,12831576,0.969536
chr9:97461550:A:G,9,97461550,0.49129
chr9:57484792:A:G,9,57484792,0.858122
chr9:132250719:A:G,9,132250719,0.341754
chr9:48454909:A:G,9,48454909,0.691364
chr9:119887026:A:G,9,119887026,0.418882
chr9:21427549:A:G,9,21427549,0.229456
chr9:22132340:A:G,9,22132340,0.618237
chr9:45867493:A:G,9,45867493,0.362008
chr9:118782756:A:G,9,118782756,0.839272
chr9:24093572:A:G,9,24093572,0.298535
chr9:34863905:A:G,9,34863905,0.953331
chr9:113825983:A:G,9,113825983,0.77895
chr9:31535522:A:G,9,31535522,0.353216
chr9:114190367:A:G,9,114190367,0.739481
chr9:63165848:A:G,9,63165848,0.3099
chr9:117314148:A:G,9,117314148,0.824029
chr9:47628484:A:G,9,47628484,0.524129
chr9:59344964:A:G,9,59344964,0.27244
chr9:41262031:A:G,9,41262031,0.600407
chr9:103445679:A:G,9,103445679,0.16016
chr9:69326889:A:G,9,69326889,0.380834
chr9:85704365:A:G,9,85704365,0.0791811
chr9:19438014:A:G,9,19438014,0.81588
chr9:61232103:A:G,9,61232103,0.343825
chr9:124306951:A:G,9,124306951,0.462073
chr9:9486897:A:G,9,9486897,0.186612
chr9:59856469:A:G,9,59856469,0.947715
chr9:100723184:A:G,9,100723184,0.388318
chr9:56149167:A:G,9,56149167,0.647226
chr9:82562952:A:G,9,82562952,0.743903
chr9:133190100:A:G,9,133190100,0.325884
chr9:99349029:A:G,9,99349029,0.509691
chr9:49921341:A:G,9,49921341,0.638395
chr9:134518447:A:G,9,134518447,0.0649955
chr9:5980647:A:G,9,5980647,0.699862
chr9:8335628:A:G,9,8335628,0.517937
chr9:90761498:A:G,9,90761498,0.251617
chr9:133534125:A:G,9,133534125,0.0259113
chr9:106022177:A:G,9,106022177,0.296329
chr9:58866298:A:G,9,58866298,0.680822
chr9:56302951:A:G,9,56302951,0.496474
chr9:49732336:A:G,9,49732336,0.00653569
chr9:125084418:A:G,9,125084418,0.491788
chr10:96493033:A:G,10,96493033,0.668275
chr10:22790129:A:G,10,22790129,0.503747
chr10:84906706:A:G,10,84906706,0.812955
chr10:133368203:A:G,10,133368203,0.427258
chr10:14292499:A:G,10,14292499,0.059023
chr10:39807501:A:G,10,39807501,0.72023
chr10:107117430:A:G,10,107117430,0.0556842
chr10:39588665:A:G,10,39588665,0.683433
chr10:33731913:A:G,10,33731913,0.19275
chr10:32728431:A:G,10,32728431,0.871647
chr10:27371352:A:G,10,27371352,0.383525
chr10:10328699:A:G,10,10328699,0.533596
chr10:46434970:A:G,10,46434970,0.0757971
chr10:72660623:A:G,10,72660623,0.645502
chr10:109266664:A:G,10,109266664,0.540518
chr10:59860194:A:G,10,59860194,0.602525
chr10:91864803:A:G,10,91864803,0.487133
chr10:21014129:A:G,10,21014129,0.868642
chr10:81614114:A:G,10,81614114,0.77066
chr10:94784139:A:G,10,94784139,0.18694
chr10:74993117:A:G,10,74993117,0.657993
chr10:104438179:A:G,10,104438179,0.447001
chr10:121796058:A:G,10,121796058,0.60142
chr10:118505994:A:G,10,118505994,0.792767
chr10:54740866:A:G,10,54740866,0.805201
chr10:99341329:A:G,10,99341329,0.931377
chr10:27603146:A:G,10,27603146,0.162832
chr10:128202830:A:G,10,128202830,0.206412
chr10:38906478:A:G,10,38906478,0.459448
chr10:46461408:A:G,10,46461408,0.648922
chr10:44767061:A:G,10,44767061,0.575945
chr10:28774635:A:G,10,28774635,0.151188
chr10:86173711:A:G,10,86173711,0.789942
chr10:61826269:A:G,10,61826269,0.581036
chr10:122600392:A:G,10,122600392,0.315675
chr10:37752252:A:G,10,37752252,0.699204
chr10:102151558:A:G,10,102151558,0.620414
chr10:36420184:A:G,10,36420184,0.446603
chr10:62206604:A:G,10,62206604,0.258993
chr10:119959105:A:G,10,119959105,0.102604
chr10:71644004:A:G,10,71644004,0.343498
chr10:124877640:A:G,10,124877640,0.0482007
chr10:15197573:A:G,10,15197573,0.500109
chr10:101000167:A:G,10,101000167,0.916584
chr10:16129101:A:G,10,16129101,0.693368
chr10:122545827:A:G,10,122545827,0.630111
chr10:59261959:A:G,10,59261959,0.410535
chr10:108147724:A:G,10,108147724,0.131222
chr10:131501812:A:G,10,131501812,0.552929
chr10:28023567:A:G,10,28023567,0.662596
chr10:102200096:A:G,10,102200096,0.165332
chr10:54950255:A:G,10,54950255,0.743725
chr10:121742421:A:G,10,121742421,0.0867632
chr10:104115748:A:G,10,104115748,0.918905
chr10:78587654:A:G,10,78587654,0.176238
chr10:25266063:A:G,10,25266063,0.658509
chr10:25258012:A:G,10,25258012,0.843061
chr10:35304961:A:G,10,35304961,0.8947
chr10:47431131:A:G,10,47431131,0.425828
chr10:40561105:A:G,10,40561105,0.440433
chr10:47246980:A:G,10,47246980,0.0785696
chr10:125323395:A:G,10,125323395,0.0869671
chr10:76040519:A:G,10,76040519,0.0754457
chr10:16580139:A:G,10,16580139,0.992832
chr10:94717187:A:G,10,94717187,0.947756
chr10:25934522:A:G,10,25934522,0.0392196
chr10:1457759:A:G,10,1457759,0.0925258
chr10:32653754:A:G,10,32653754,0.339103
chr10:37318443:A:G,10,37318443,0.814531
chr10:34887253:A:G,10,34887253,0.573965
chr10:27364337:A:G,10,27364337,0.86617
chr10:10236612:A:G,10,10236612,0.301902
chr10:22061047:A:G,10,22061047,0.72374
chr10:90483218:A:G,10,90483218,0.39122
chr10:12279557:A:G,10,12279557,0.57868
chr10:783571:A:G,10,783571,0.917541
chr10:78786009:A:G,10,78786009,0.135288
chr10:112539914:A:G,10,112539914,0.106533
chr10:40194986:A:G,10,40194986,0.109534
chr10:62811652:A:G,10,62811652,0.617438
chr10:96006419:A:G,10,96006419,0.510522
chr10:107362719:A:G,10,107362719,0.49073
chr10:55767177:A:G,10,55767177,0.357347
chr10:82334793:A:G,10,82334793,0.585785
chr10:45156461:A:G,10,45156461,0.252123
chr10:95716632:A:G,10,95716632,0.152783
chr10:100101935:A:G,10,100101935,0.50592
chr10:44145219:A:G,10,44145219,0.248277
chr10:122147272:A:G,10,122147272,0.596472
chr10:19829772:A:G,10,19829772,0.0461082
chr10:89397520:A:G,10,89397520,0.515187
chr10:13440429:A:G,10,13440429,0.72644
chr10:64346895:A:G,10,64346895,0.0382568
chr10:64404079:A:G,10,64404079,0.649212
chr10:36859166:A:G,10,36859166,0.467496
chr10:85388267:A:G,10,85388267,0.328665
chr10:71041993:A:G,10,71041993,0.964025
chr10:87029496:A:G,10,87029496,0.13454
chr10:32147482:A:G,10,32147482,0.92794
chr10:42393847:A:G,10,42393847,0.21048
chr10:85513837:A:G,10,85513837,0.127586
chr10:117508229:A:G,10,117508229,0.711688
chr10:16632823:A:G,10,16632823,0.348321
chr10:122797347:A:G,10,122797347,0.383968
chr10:29850097:A:G,10,29850097,0.449531
chr10:61673485:A:G,10,61673485,0.99687
chr10:48010942:A:G,10,48010942,0.19367
chr10:67699378:A:G,10,67699378,0.697294
chr10:87976703:A:G,10,87976703,0.267579
chr10:85044114:A:G,10,85044114,0.127547
chr10:51003564:A:G,10,51003564,0.181102
chr10:46445098:A:G,10,46445098,0.300681
chr10:71444146:A:G,10,71444146,0.371066
chr10:38927094:A:G,10,38927094,1.38757e-05
chr10:19359696:A:G,10,19359696,0.328969
chr10:45525334:A:G,10,45525334,0.541816
chr10:46382125:A:G,10,46382125,0.476744
chr10:127487560:A:G,10,127487560,0.14954
chr10:8575383:A:G,10,8575383,0.718162
chr10:57550235:A:G,10,57550235,0.153813
chr10:24847965:A:G,10,24847965,0.389307
chr10:71960091:A:G,10,71960091,0.235484
chr10:107719064:A:G,10,107719064,0.84752
chr10:6335495:A:G,10,6335495,0.328819
chr10:18933599:A:G,10,18933599,0.788016
chr10:108031554:A:G,10,108031554,0.664625
chr10:33882722:A:G,10,33882722,0.702604
chr10:85450635:A:G,10,85450635,0.147589
chr10:1513958:A:G,10,1513958,0.15958
chr10:55083807:A:G,10,55083807,0.736576
chr10:114203278:A:G,10,114203278,0.946952
chr10:121000723:A:G,10,121000723,0.543516
chr10:102630958:A:G,10,102630958,0.537187
chr10:26740226:A:G,10,26740226,0.409404
chr10:127639301:A:G,10,127639301,0.373417
chr10:11376469:A:G,10,11376469,0.0274655
chr10:105485321:A:G,10,105485321,0.72752
chr10:107963868:A:G,10,107963868,0.378194
chr10:84395654:A:G,10,84395654,0.210964
chr10:20179170:A:G,10,20179170,0.307814
chr10:116940482:A:G,10,116940482,0.0509166
chr10:95879523:A:G,10,95879523,0.750955
chr10:51045436:A:G,10,51045436,0.603248
chr10:54974378:A:G,10,54974378,0.856176
chr10:105446951:A:G,10,105446951,0.804133
chr10:10372962:A:G,10,10372962,0.880552
chr10:9380933:A:G,10,9380933,0.891233
chr10:76010935:A:G,10,76010935,0.0544364
chr10:41627416:A:G,10,41627416,0.465407
chr10:4010548:A:G,10,4010548,0.00900476
chr11:15731352:A:G,11,15731352,0.0741255
chr11:5230386:A:G,11,5230386,0.348015
chr11:87697998:A:G,11,87697998,0.988546
chr11:50612300:A:G,11,50612300,0.102156
chr11:113553607:A:G,11,113553607,0.759953
chr11:18458060:A:G,11,18458060,0.52197
chr11:81652001:A:G,11,81652001,0.135009
chr11:22519494:A:G,11,22519494,0.205256
chr11:27826343:A:G,11,27826343,0.841108
chr11:51734073:A:G,11,51734073,0.0285735
chr11:59044425:A:G,11,59044425,0.603177
chr11:125734672:A:G,11,125734672,0.459504
chr11:69420400:A:G,11,69420400,0.298369
chr11:23006993:A:G,11,23006993,0.474246
chr11:111946602:A:G,11,111946602,0.202802
chr11:120864563:A:G,11,120864563,0.979992
chr11:93886274:A:G,11,93886274,0.19557
chr11:115902106:A:G,11,115902106,0.142433
chr11:63409560:A:G,11,63409560,0.66556
chr11:39486616:A:G,11,39486616,0.462259
chr11:78636407:A:G,11,78636407,0.863941
chr11:105197629:A:G,11,105197629,0.320873
chr11:62150706:A:G,11,62150706,0.0377195
chr11:123853483:A:G,11,123853483,0.82405
chr11:13753045:A:G,11,13753045,0.0947581
chr11:3379691:A:G,11,3379691,0.770156
chr11:2805926:A:G,11,2805926,0.334409
chr11:56864406:A:G,11,56864406,0.624956
chr11:108839944:A:G,11,108839944,0.106034
chr11:4345613:A:G,11,4345613,0.994968
chr11:123020918:A:G,11,123020918,0.159186
chr11:1750976:A:G,11,1750976,0.310688
chr11:6145337:A:G,11,6145337,0.713923
chr11:119820845:A:G,11,119820845,0.976904
chr11:33479823:A:G,11,33479823,0.340183
chr11:76605464:A:G,11,76605464,0.50605
chr11:120650089:A:G,11,120650089,0.824361
chr11:43429304:A:G,11,43429304,0.416445
chr11:22942811:A:G,11,22942811,0.889681
chr11:37166083:A:G,11,37166083,0.707239
chr11:93970990:A:G,11,93970990,0.585075
chr11:122152349:A:G,11,122152349,0.691413
chr11:126388151:A:G,11,126388151,0.274731
chr11:93165624:A:G,11,93165624,0.298988
chr11:14644867:A:G,11,14644867,0.0906408
chr11:39088268:A:G,11,39088268,0.334315
chr11:19825636:A:G,11,19825636,0.746562
chr11:33580038:A:G,11,33580038,0.634148
chr11:67342520:A:G,11,67342520,0.324688
chr11:16876285:A:G,11,16876285,0.951746
chr11:121253730:A:G,11,121253730,0.171671
chr11:52099654:A:G,11,52099654,0.0462991
chr11:30288444:A:G,11,30288444,0.23017
chr11:41786337:A:G,11,41786337,0.502417
chr11:89101410:A:G,11,89101410,0.145691
chr11:111052094:A:G,11,111052094,0.505894
chr11:53262258:A:G,11,53262258,0.942351
chr11:56190472:A:G,11,56190472,0.0825096
chr11:67675560:A:G,11,67675560,0.965136
chr11:43880789:A:G,11,43880789,0.153069
chr11:49681689:A:G,11,49681689,0.29223
chr11:21369739:A:G,11,21369739,0.314505
chr11:68737777:A:G,11,68737777,0.599748
chr11:118458393:A:G,11,118458393,0.868911
chr11:16201338:A:G,11,16201338,0.17449
chr11:37360866:A:G,11,37360866,0.858467
chr11:65213473:A:G,11,65213473,0.76285
chr11:131106927:A:G,11,131106927,0.870293
chr11:74484983:A:G,11,74484983,0.839382
chr11:53874327:A:G,11,53874327,0.557727
chr11:4874591:A:G,11,4874591,0.11024
chr11:133709350:A:G,11,133709350,0.876607
chr11:113783936:A:G,11,113783936,0.868102
chr11:69252742:A:G,11,69252742,0.0401328
chr11:33126651:A:G,11,33126651,0.694573
chr11:2358899:A:G,11,2358899,0.230605
chr11:126946535:A:G,11,126946535,0.0922534
chr11:29179333:A:G,11,29179333,0.0369014
chr11:46990279:A:G,11,46990279,0.0225714
chr11:47115185:A:G,11,47115185,0.480648
chr11:36178262:A:G,11,36178262,0.188526
chr11:10910911:A:G,11,10910911,0.654968
chr11:58828017:A:G,11,58828017,0.201356
chr11:53333230:A:G,11,53333230,0.635834
chr11:63000344:A:G,11,63000344,0.961531
chr11:58898792:A:G,11,58898792,0.512311
chr11:126024756:A:G,11,126024756,0.531615
chr11:83306612:A:G,11,83306612,0.736432
chr11:85508722:A:G,11,85508722,0.533725
chr11:55956851:A:G,11,55956851,0.984272
chr11:56243208:A:G,11,56243208,0.264966
chr11:95296614:A:G,11,95296614,0.371573
chr11:105226931:A:G,11,105226931,0.950681
chr11:81069196:A:G,11,81069196,0.620865
chr11:41226045:A:G,11,41226045,0.261062
chr11:28029496:A:G,11,28029496,0.649289
chr11:59947896:A:G,11,59947896,0.591573
chr11:14068978:A:G,11,14068978,0.0325691
chr11:104445579:A:G,11,104445579,0.413959
chr11:19043768:A:G,11,19043768,0.51616
chr11:49159679:A:G,11,49159679,0.570396
chr11:68902076:A:G,11,68902076,0.437516
chr11:8704694:A:G,11,8704694,0.433659
chr11:58089115:A:G,11,58089115,0.611919
chr11:18389512:A:G,11,18389512,0.404277
chr11:90441369:A:G,11,90441369,0.779086
chr11:96852092:A:G,11,96852092,0.764787
chr11:61801011:A:G,11,61801011,0.990338
chr11:126058296:A:G,11,126058296,0.981091
chr11:86465834:A:G,11,86465834,0.995195
chr11:104895098:A:G,11,104895098,0.0593318
chr11:92613371:A:G,11,92613371,0.111893
chr11:48674772:A:G,11,48674772,0.996528
chr11:127357644:A:G,11,127357644,0.445489
chr11:114688825:A:G,11,114688825,0.18118
chr11:23942371:A:G,11,23942371,0.993925
chr11:48133166:A:G,11,48133166,0.784507
chr11:113121948:A:G,11,113121948,0.705185
chr11:103026714:A:G,11,103026714,0.231224
chr11:123467015:A:G,11,123467015,0.987271
chr11:11934264:A:G,11,11934264,0.0571704
chr11:46932807:A:G,11,46932807,0.642676
chr11:50697166:A:G,11,50697166,0.293257
chr11:129261508:A:G,11,129261508,0.546721
chr11:32650394:A:G,11,32650394,0.0268203
chr11:124101972:A:G,11,124101972,0.230061
chr11:89656123:A:G,11,89656123,0.496588
chr11:45975599:A:G,11,45975599,0.338435
chr11:66056238:A:G,11,66056238,0.206176
chr11:50995900:A:G,11,50995900,0.147269
chr11:65152770:A:G,11,65152770,0.444855
chr11:50885869:A:G,11,50885869,0.603021
chr11:111627597:A:G,11,111627597,0.0906355
chr11:41035590:A:G,11,41035590,0.0281564
chr11:8295581:A:G,11,8295581,0.414119
chr11:131290895:A:G,11,131290895,0.457134
chr11:29588216:A:G,11,29588216,0.835937
chr11:30846152:A:G,11,30846152,0.436897
chr11:83695280:A:G,11,83695280,0.230191
chr11:14020236:A:G,11,14020236,0.83613
chr11:55508519:A:G,11,55508519,0.544441
chr11:120785947:A:G,11,120785947,0.0832665
chr11:95763734:A:G,11,95763734,0.0255774
chr11:28250203:A:G,11,28250203,0.178492
chr11:64896898:A:G,11,64896898,0.0553597
chr11:37896537:A:G,11,37896537,0.104788
chr11:122412013:A:G,11,122412013,0.966969
chr11:54845950:A:G,11,54845950,0.957935
chr11:131679032:A:G,11,131679032,0.169675
chr11:54816874:A:G,11,54816874,0.813107
chr12:117821475:A:G,12,117821475,0.298634
chr12:118475571:A:G,12,118475571,0.568412
chr12:59547314:A:G,12,59547314,0.553654
chr12:17840471:A:G,12,17840471,0.739628
chr12:60094289:A:G,12,60094289,0.4497
chr12:82456616:A:G,12,82456616,0.545801
chr12:133003765:A:G,12,133003765,0.976119
chr12:7544291:A:G,12,7544291,0.508866
chr12:96293671:A:G,12,96293671,0.395314
chr12:109001662:A:G,12,109001662,0.0478056
chr12:88281079:A:G,12,88281079,0.54139
chr12:8127170:A:G,12,8127170,0.76748
chr12:62750477:A:G,12,62750477,0.243643
chr12:74230899:A:G,12,74230899,0.518189
chr12:80625390:A:G,12,80625390,0.926461
chr12:125006171:A:G,12,125006171,0.911806
chr12:45846827:A:G,12,45846827,0.503137
chr12:117291347:A:G,12,117291347,0.891246
chr12:99443677:A:G,12,99443677,0.275037
chr12:40640746:A:G,12,40640746,0.734314
chr12:112685431:A:G,12,112685431,0.446309
chr12:100660466:A:G,12,100660466,0.37485
chr12:104870097:A:G,12,104870097,0.511411
chr12:15572997:A:G,12,15572997,0.301161
chr12:52746978:A:G,12,52746978,0.319224
chr12:30783288:A:G,12,30783288,0.148236
chr12:54039850:A:G,12,54039850,0.923976
chr12:101551214:A:G,12,101551214,0.362922
chr12:109831854:A:G,12,109831854,0.573986
chr12:54496144:A:G,12,54496144,0.0337425
chr12:92733062:A:G,12,92733062,0.568168
chr12:26679086:A:G,12,26679086,0.624733
chr12:24506956:A:G,12,24506956,0.400184
chr12:103105616:A:G,12,103105616,0.865173
chr12:31793502:A:G,12,31793502,0.68754
chr12:81907636:A:G,12,81907636,0.801586
chr12:50894602:A:G,12,50894602,0.236905
chr12:1736452:A:G,12,1736452,0.689224
chr12:26347447:A:G,12,26347447,0.204364
chr12:85001322:A:G,12,85001322,0.92567
chr12:68149093:A:G,12,68149093,0.0746974
chr12:100880971:A:G,12,100880971,0.727326
chr12:87600768:A:G,12,87600768,0.893545
chr12:30517616:A:G,12,30517616,0.70971
chr12:6864931:A:G,12,6864931,0.630142
chr12:124642508:A:G,12,124642508,0.189389
chr12:88944922:A:G,12,88944922,0.759189
chr12:71300070:A:G,12,71300070,0.417298
chr12:40678056:A:G,12,40678056,0.970507
chr12:117684851:A:G,12,117684851,0.182997
chr12:49701836:A:G,12,49701836,0.89399
chr12:53364834:A:G,12,53364834,0.279717
chr12:49738762:A:G,12,49738762,0.450208
chr12:128341293:A:G,12,128341293,0.590656
chr12:55839062:A:G,12,55839062,0.44535
chr12:94905118:A:G,12,94905118,0.0402595
chr12:71724472:A:G,12,71724472,0.0611213
chr12:57991:A:G,12,57991,0.903029
chr12:123339374:A:G,12,123339374,0.938982
chr12:15760592:A:G,12,15760592,0.510043
chr12:89862417:A:G,12,89862417,0.161218
chr12:59600262:A:G,12,59600262,0.0122421
chr12:99889609:A:G,12,99889609,0.414324
chr12:107301328:A:G,12,107301328,0.262858
chr12:23183506:A:G,12,23183506,0.60397
chr12:40685488:A:G,12,40685488,0.589865
chr12:65214602:A:G,12,65214602,0.828688
chr12:77396610:A:G,12,77396610,0.194831
chr12:17763296:A:G,12,17763296,0.470417
chr12:43770122:A:G,12,43770122,0.399391
chr12:13872277:A:G,12,13872277,0.146119
chr12:6182000:A:G,12,6182000,0.700047
chr12:88569693:A:G,12,88569693,0.00147957
chr12:87260530:A:G,12,87260530,0.0809968
chr12:38989106:A:G,12,38989106,0.172702
chr12:35389754:A:G,12,35389754,0.231488
chr12:62376487:A:G,12,62376487,0.953386
chr12:56330170:A:G,12,56330170,0.282087
chr12:119554211:A:G,12,119554211,0.587095
chr12:26131500:A:G,12,26131500,0.178633
chr12:125999097:A:G,12,125999097,0.250495
chr12:86432384:A:G,12,86432384,0.143251
chr12:36327625:A:G,12,36327625,0.108173
chr12:62352391:A:G,12,62352391,0.241908
chr12:116067615:A:G,12,116067615,0.482098
chr12:54628822:A:G,12,54628822,0.508787
chr12:17199329:A:G,12,17199329,0.440652
chr12:49036897:A:G,12,49036897,0.824352
chr12:98602690:A:G,12,98602690,0.819802
chr12:128126039:A:G,12,128126039,0.0328787
chr12:94330115:A:G,12,94330115,0.637551
chr12:113262509:A:G,12,113262509,0.27331
chr12:58349830:A:G,12,58349830,0.365655
chr12:31949771:A:G,12,31949771,0.712007
chr12:18751222:A:G,12,18751222,0.122745
chr12:31201511:A:G,12,31201511,0.72148
chr12:96076468:A:G,12,96076468,0.155539
chr12:101513758:A:G,12,101513758,0.110221
chr12:20716206:A:G,12,20716206,0.396095
chr12:80055191:A:G,12,80055191,0.0849524
chr12:67912856:A:G,12,67912856,0.936463
chr12:112788716:A:G,12,112788716,0.21402
chr12:104867679:A:G,12,104867679,0.476773
chr12:75915607:A:G,12,75915607,0.391307
chr12:12572227:A:G,12,12572227,0.639981
chr12:91006761:A:G,12,91006761,0.30842
chr12:27827259:A:G,12,27827259,0.570734
chr12:86182119:A:G,12,86182119,0.811785
chr12:72382238:A:G,12,72382238,0.872883
chr12:25242913:A:G,12,25242913,0.541649
chr12:106709983:A:G,12,106709983,0.734584
chr12:38325699:A:G,12,38325699,0.504132
chr12:47440594:A:G,12,47440594,0.1716
chr12:1920131:A:G,12,1920131,0.410874
chr12:8150596:A:G,12,8150596,0.792374
chr12:127845815:A:G,12,127845815,0.731523
chr12:106209259:A:G,12,106209259,0.900298
chr12:26517406:A:G,12,26517406,0.909388
chr12:11200874:A:G,12,11200874,0.0190392
chr12:108676175:A:G,12,108676175,0.629686
chr12:43235312:A:G,12,43235312,0.300228
chr12:67321177:A:G,12,67321177,0.552906
chr12:86369770:A:G,12,86369770,0.706219
chr12:89444967:A:G,12,89444967,0.325276
chr12:9360756:A:G,12,9360756,0.275501
chr12:10628057:A:G,12,10628057,0.305059
chr12:103045235:A:G,12,103045235,0.671366
chr12:90905703:A:G,12,90905703,0.343319
chr12:127337667:A:G,12,127337667,0.759057
chr12:24039240:A:G,12,24039240,0.140649
chr12:117670698:A:G,12,117670698,0.715307
chr12:12595168:A:G,12,12595168,0.170379
chr12:84403670:A:G,12,84403670,0.641586
chr12:3041288:A:G,12,3041288,0.593184
chr12:113485772:A:G,12,113485772,0.580513
chr12:34501630:A:G,12,34501630,0.572951
chr12:23291849:A:G,12,23291849,0.567668
chr12:42117182:A:G,12,42117182,0.124627
chr12:76257577:A:G,12,76257577,0.450611
chr12:106637780:A:G,12,106637780,0.571537
chr12:39244825:A:G,12,39244825,0.541767
chr12:114667929:A:G,12,114667929,0.0437438
chr12:105125430:A:G,12,105125430,0.0881291
chr12:91320155:A:G,12,91320155,0.647896
chr12:48297411:A:G,12,48297411,0.470501
chr12:27498104:A:G,12,27498104,0.689078
chr12:90068774:A:G,12,90068774,0.30721
chr12:101309720:A:G,12,101309720,0.369174
chr12:97685627:A:G,12,97685627,0.248192
chr12:33425556:A:G,12,33425556,0.339493
chr13:104962589:A:G,13,104962589,0.401311
chr13:47314223:A:G,13,47314223,0.473177
chr13:57327957:A:G,13,57327957,0.429774
chr13:68176639:A:G,13,68176639,0.495838
chr13:39979672:A:G,13,39979672,0.341626
chr13:51779760:A:G,13,51779760,0.883871
chr13:94684907:A:G,13,94684907,0.835976
chr13:60453477:A:G,13,60453477,0.0321648
chr13:97651744:A:G,13,97651744,0.946784
chr13:29539795:A:G,13,29539795,0.713715
chr13:12438994:A:G,13,12438994,0.0555079
chr13:10315492:A:G,13,10315492,0.232825
chr13:35261971:A:G,13,35261971,0.599435
chr13:91389845:A:G,13,91389845,0.524245
chr13:50037264:A:G,13,50037264,0.31162
chr13:94470944:A:G,13,94470944,0.575786
chr13:101791144:A:G,13,101791144,0.796956
chr13:30075979:A:G,13,30075979,0.521325
chr13:38939314:A:G,13,38939314,0.0387401
chr13:26641978:A:G,13,26641978,0.512399
chr13:83139637:A:G,13,83139637,0.222525
chr13:20516292:A:G,13,20516292,0.375443
chr13:47133011:A:G,13,47133011,0.0479358
chr13:78871147:A:G,13,78871147,0.662289
chr13:50667503:A:G,13,50667503,0.350254
chr13:44779031:A:G,13,44779031,0.531943
chr13:100145292:A:G,13,100145292,0.337244
chr13:14035345:A:G,13,14035345,0.519363
chr13:107255817:A:G,13,107255817,0.275376
chr13:81066900:A:G,13,81066900,0.358253
chr13:1652172:A:G,13,1652172,0.498509
chr13:58347548:A:G,13,58347548,0.284415
chr13:33115687:A:G,13,33115687,0.000669977
chr13:112346536:A:G,13,112346536,0.411818
chr13:36420511:A:G,13,36420511,0.206213
chr13:7486877:A:G,13,7486877,0.4497
chr13:17152145:A:G,13,17152145,0.249449
chr13:51767609:A:G,13,51767609,0.870872
chr13:8133170:A:G,13,8133170,0.314246
chr13:45417862:A:G,13,45417862,0.112719
chr13:45130358:A:G,13,45130358,0.308268
chr13:65419475:A:G,13,65419475,0.667873
chr13:24443840:A:G,13,24443840,0.0195386
chr13:30937128:A:G,13,30937128,0.174915
chr13:84987653:A:G,13,84987653,0.500799
chr13:108237768:A:G,13,108237768,0.580165
chr13:88579348:A:G,13,88579348,0.409352
chr13:38063387:A:G,13,38063387,0.639334
chr13:25143628:A:G,13,25143628,0.881922
chr13:93088070:A:G,13,93088070,0.377559
chr13:85544725:A:G,13,85544725,0.848249
chr13:102337912:A:G,13,102337912,0.224183
chr13:33304767:A:G,13,33304767,0.306995
chr13:81204204:A:G,13,81204204,0.12303
chr13:74409252:A:G,13,74409252,0.219269
chr13:9415863:A:G,13,9415863,0.587223
chr13:49409100:A:G,13,49409100,0.103489
chr13:53991128:A:G,13,53991128,0.868206
chr13:65375709:A:G,13,65375709,0.511025
chr13:78146384:A:G,13,78146384,0.271014
chr13:33341057:A:G,13,33341057,0.896948
chr13:36416696:A:G,13,36416696,0.664053
chr13:20357042:A:G,13,20357042,0.314854
chr13:65138419:A:G,13,65138419,0.718264
chr13:82767736:A:G,13,82767736,0.269072
chr13:41534398:A:G,13,41534398,0.695989
chr13:47137179:A:G,13,47137179,0.40142
chr13:32650253:A:G,13,32650253,0.388293
chr13:21720532:A:G,13,21720532,0.726747
chr13:19886757:A:G,13,19886757,0.769823
chr13:23211227:A:G,13,23211227,0.667482
chr13:92873853:A:G,13,92873853,0.449771
chr13:4365901:A:G,13,4365901,0.997307
chr13:28077319:A:G,13,28077319,0.486771
chr13:35112088:A:G,13,35112088,0.10922
chr13:75765394:A:G,13,75765394,0.892171
chr13:56890596:A:G,13,56890596,0.983432
chr13:51515343:A:G,13,51515343,0.466614
chr13:66524759:A:G,13,66524759,0.225693
chr13:96819535:A:G,13,96819535,0.108972
chr13:83510941:A:G,13,83510941,0.705007
chr13:34154787:A:G,13,34154787,0.858473
chr13:72902611:A:G,13,72902611,0.406395
chr13:31994936:A:G,13,31994936,0.482237
chr13:87221661:A:G,13,87221661,0.112891
chr13:35427719:A:G,13,35427719,0.446009
chr13:75777218:A:G,13,75777218,0.565238
chr13:5366264:A:G,13,5366264,0.756903
chr13:78429623:A:G,13,78429623,0.0222407
chr13:37187567:A:G,13,37187567,0.489761
chr13:39024816:A:G,13,39024816,0.769341
chr13:46790494:A:G,13,46790494,0.33551
chr13:14133115:A:G,13,14133115,0.305002
chr13:8207930:A:G,13,8207930,0.316693
chr13:34907262:A:G,13,34907262,0.19702
chr13:112755614:A:G,13,112755614,0.50632
chr13:27500426:A:G,13,27500426,0.209359
chr13:41186002:A:G,13,41186002,0.361888
chr13:13690690:A:G,13,13690690,0.542187
chr13:66258270:A:G,13,66258270,0.396421
chr13:52837994:A:G,13,52837994,0.31713
chr13:108665894:A:G,13,108665894,0.921611
chr13:542412:A:G,13,542412,0.450527
chr13:15783182:A:G,13,15783182,0.411255
chr13:2154195:A:G,13,2154195,0.238344
chr13:39881879:A:G,13,39881879,0.0577257
chr13:89634080:A:G,13,89634080,0.771435
chr13:35491087:A:G,13,35491087,0.386635
chr13:105387873:A:G,13,105387873,0.122524
chr13:100805170:A:G,13,100805170,0.386851
chr13:81994531:A:G,13,81994531,0.541432
chr13:71372301:A:G,13,71372301,0.844315
chr13:11252024:A:G,13,11252024,0.792646
chr13:79792305:A:G,13,79792305,0.817787
chr13:98814907:A:G,13,98814907,0.258555
chr13:102763619:A:G,13,102763619,0.0407379
chr13:18593795:A:G,13,18593795,0.564229
chr13:50165437:A:G,13,50165437,0.217864
chr13:39597536:A:G,13,39597536,0.202728
chr13:45660277:A:G,13,45660277,0.402275
chr13:69341590:A:G,13,69341590,0.290189
chr13:101102445:A:G,13,101102445,0.622535
chr13:40993848:A:G,13,40993848,0.0904588
chr13:78206512:A:G,13,78206512,0.980915
chr13:53957154:A:G,13,53957154,0.233672
chr13:72558417:A:G,13,72558417,0.487322
chr13:90150329:A:G,13,90150329,0.528285
chr13:91415605:A:G,13,91415605,0.206775
chr13:66180967:A:G,13,66180967,0.293957
chr13:59418002:A:G,13,59418002,0.198801
chr13:44135682:A:G,13,44135682,0.312846
chr13:100801311:A:G,13,100801311,0.949833
chr13:18733870:A:G,13,18733870,0.974401
chr13:1961303:A:G,13,1961303,0.698045
chr13:54424714:A:G,13,54424714,0.727075
chr13:79115572:A:G,13,79115572,0.935583
chr13:44097981:A:G,13,44097981,0.161171
chr13:5740291:A:G,13,5740291,0.396161
chr13:94443423:A:G,13,94443423,0.591009
chr13:12431351:A:G,13,12431351,0.075164
chr13:54065498:A:G,13,54065498,0.510919
chr13:25918010:A:G,13,25918010,0.491209
chr13:53989810:A:G,13,53989810,0.347848
chr13:26109198:A:G,13,26109198,0.294925
chr13:57147489:A:G,13,57147489,0.409194
chr13:95895506:A:G,13,95895506,0.619385
chr13:75961866:A:G,13,75961866,0.422064
chr13:55550589:A:G,13,55550589,0.490212
chr13:71954485:A:G,13,71954485,0.130009
chr13:2286624:A:G,13,2286624,0.16185
chr14:52414576:A:G,14,52414576,0.0287341
chr14:93565950:A:G,14,93565950,0.234424
chr14:29833330:A:G,14,29833330,0.566128
chr14:32318095:A:G,14,32318095,0.919142
chr14:100667315:A:G,14,100667315,0.893946
chr14:51452060:A:G,14,51452060,0.344639
chr14:4844954:A:G,14,4844954,0.162305
chr14:69960506:A:G,14,69960506,0.808957
chr14:36816028:A:G,14,36816028,0.477857
chr14:81787680:A:G,14,81787680,0.306872
chr14:103151369:A:G,14,103151369,0.231379
chr14:99114521:A:G,14,99114521,0.427006
chr14:8696157:A:G,14,8696157,0.847341
chr14:18754542:A:G,14,18754542,0.460052
chr14:97727953:A:G,14,97727953,0.959318
chr14:37621798:A:G,14,37621798,0.174967
chr14:27215471:A:G,14,27215471,0.45037
chr14:59270398:A:G,14,59270398,0.482587
chr14:86491381:A:G,14,86491381,0.92456
chr14:5004890:A:G,14,5004890,0.758083
chr14:38374264:A:G,14,38374264,0.599219
chr14:40516857:A:G,14,40516857,0.848238
chr14:11185829:A:G,14,11185829,0.325102
chr14:611102:A:G,14,611102,0.526234
chr14:102666364:A:G,14,102666364,0.277666
chr14:39364914:A:G,14,39364914,0.0340339
chr14:20716969:A:G,14,20716969,0.873627
chr14:4070368:A:G,14,4070368,0.760949
chr14:22560117:A:G,14,22560117,0.715704
chr14:3049778:A:G,14,3049778,0.436902
chr14:22215689:A:G,14,22215689,0.809042
chr14:80789820:A:G,14,80789820,0.553053
chr14:64303905:A:G,14,64303905,0.983839
chr14:58267965:A:G,14,58267965,0.834275
chr14:3336274:A:G,14,3336274,0.541883
chr14:10600517:A:G,14,10600517,0.96211
chr14:31263918:A:G,14,31263918,0.443546
chr14:56796726:A:G,14,56796726,0.872135
chr14:99847102:A:G,14,99847102,0.952396
chr14:83845579:A:G,14,83845579,0.167249
chr14:52533677:A:G,14,52533677,0.565198
chr14:6888760:A:G,14,6888760,0.030738
chr14:37372320:A:G,14,37372320,0.314689
chr14:23867125:A:G,14,23867125,0.474423
chr14:27489487:A:G,14,27489487,0.810592
chr14:59605823:A:G,14,59605823,0.322557
chr14:102037708:A:G,14,102037708,0.737411
chr14:78739663:A:G,14,78739663,0.891298
chr14:79711863:A:G,14,79711863,0.633295
chr14:10614724:A:G,14,10614724,0.909278
chr14:38382311:A:G,14,38382311,0.709972
chr14:43799207:A:G,14,43799207,0.244611
chr14:48178584:A:G,14,48178584,0.70322
chr14:98678971:A:G,14,98678971,0.112189
chr14:12785780:A:G,14,12785780,0.11824
chr14:93059088:A:G,14,93059088,0.855492
chr14:10094127:A:G,14,10094127,0.996427
chr14:75478683:A:G,14,75478683,0.0845252
chr14:5130959:A:G,14,5130959,0.626687
chr14:11271361:A:G,14,11271361,0.404
chr14:33411292:A:G,14,33411292,0.377957
chr14:86722774:A:G,14,86722774,0.761367
chr14:76438871:A:G,14,76438871,0.226705
chr14:72826734:A:G,14,72826734,0.411924
chr14:5511972:A:G,14,5511972,0.168943
chr14:89552981:A:G,14,89552981,0.424115
chr14:78937181:A:G,14,78937181,0.526214
chr14:81674301:A:G,14,81674301,0.183298
chr14:68145940:A:G,14,68145940,0.114694
chr14:71424852:A:G,14,71424852,0.849673
chr14:96649626:A:G,14,96649626,0.57199
chr14:59500009:A:G,14,59500009,0.85898
chr14:15699525:A:G,14,15699525,0.945938
chr14:78254485:A:G,14,78254485,0.233612
chr14:75709180:A:G,14,75709180,0.947057
chr14:53197687:A:G,14,53197687,0.471959
chr14:31703968:A:G,14,31703968,0.399746
chr14:33763015:A:G,14,33763015,0.614331
chr14:105531795:A:G,14,105531795,0.52024
chr14:79154480:A:G,14,79154480,0.0389558
chr14:104775932:A:G,14,104775932,0.508564
chr14:71215303:A:G,14,71215303,0.326797
chr14:54603454:A:G,14,54603454,0.462502
chr14:34725202:A:G,14,34725202,0.342092
chr14:65559537:A:G,14,65559537,0.431175
chr14:56766798:A:G,14,56766798,0.646117
chr14:41758306:A:G,14,41758306,0.254444
chr14:64789122:A:G,14,64789122,0.715205
chr14:42595835:A:G,14,42595835,0.613603
chr14:69439429:A:G,14,69439429,0.0377885
chr14:86770504:A:G,14,86770504,0.0849454
chr14:71297256:A:G,14,71297256,0.0563143
chr14:12952020:A:G,14,12952020,0.266653
chr14:105435564:A:G,14,105435564,0.330805
chr14:85802069:A:G,14,85802069,0.985727
chr14:9597584:A:G,14,9597584,0.450081
chr14:73912581:A:G,14,73912581,0.371455
chr14:16237819:A:G,14,16237819,0.0606072
chr14:106504945:A:G,14,106504945,0.777884
chr14:15193420:A:G,14,15193420,0.0807721
chr14:33085307:A:G,14,33085307,0.141267
chr14:94902590:A:G,14,94902590,0.789747
chr14:32124806:A:G,14,32124806,0.421858
chr14:10037774:A:G,14,10037774,0.257219
chr14:38224306:A:G,14,38224306,0.973985
chr14:56004067:A:G,14,56004067,0.663868
chr14:78930980:A:G,14,78930980,0.612663
chr14:12033021:A:G,14,12033021,0.237189
chr14:86634370:A:G,14,86634370,0.0201059
chr14:23237240:A:G,14,23237240,0.899696
chr14:76699957:A:G,14,76699957,0.227023
chr14:2343866:A:G,14,2343866,0.195037
chr14:5442590:A:G,14,5442590,0.0371218
chr14:17816294:A:G,14,17816294,0.796376
chr14:15397922:A:G,14,15397922,0.392828
chr14:46586454:A:G,14,46586454,0.963201
chr14:427769:A:G,14,427769,0.893084
chr14:6013864:A:G,14,6013864,0.730711
chr14:37941775:A:G,14,37941775,0.795008
chr14:78327622:A:G,14,78327622,0.950523
chr14:23192726:A:G,14,23192726,0.982165
chr14:35010161:A:G,14,35010161,0.70446
chr14:36667232:A:G,14,36667232,0.328732
chr14:51880175:A:G,14,51880175,0.765064
chr14:39309149:A:G,14,39309149,0.180112
chr14:95745008:A:G,14,95745008,0.129479
chr14:78875637:A:G,14,78875637,0.30254
chr14:89995540:A:G,14,89995540,0.407156
chr14:90598676:A:G,14,90598676,0.122371
chr14:15065175:A:G,14,15065175,0.609553
chr14:20091824:A:G,14,20091824,0.814215
chr14:42439629:A:G,14,42439629,0.381402
chr14:1053504:A:G,14,1053504,0.65365
chr14:51056992:A:G,14,51056992,0.615573
chr14:98059040:A:G,14,98059040,0.0951767
chr14:91449451:A:G,14,91449451,0.82481
chr14:95634709:A:G,14,95634709,0.110582
chr14:55930999:A:G,14,55930999,0.112202
chr14:28298206:A:G,14,28298206,0.274055
chr14:3616958:A:G,14,3616958,0.0804673
chr14:95715491:A:G,14,95715491,0.102676
chr14:22839304:A:G,14,22839304,0.0206526
chr14:60850948:A:G,14,60850948,0.43522
chr14:79159708:A:G,14,79159708,0.876989
chr14:69199:A:G,14,69199,0.491616
chr14:94984404:A:G,14,94984404,0.679097
chr14:14138690:A:G,14,14138690,0.111007
chr14:65681464:A:G,14,65681464,0.230478
chr14:84756402:A:G,14,84756402,0.967821
chr14:37024872:A:G,14,37024872,0.0446013
chr15:89072958:A:G,15,89072958,0.605914
chr15:18583811:A:G,15,18583811,0.374307
chr15:21160145:A:G,15,21160145,0.836648
chr15:11231573:A:G,15,11231573,0.0819472
chr15:22979292:A:G,15,22979292,0.518684
chr15:85301686:A:G,15,85301686,0.193078
chr15:5186843:A:G,15,5186843,0.899057
chr15:93172139:A:G,15,93172139,0.0717731
chr15:1874118:A:G,15,1874118,0.908558
chr15:55579281:A:G,15,55579281,0.971878
chr15:54915120:A:G,15,54915120,0.192479
chr15:9515932:A:G,15,9515932,0.994909
chr15:62997592:A:G,15,62997592,0.724859
chr15:23503394:A:G,15,23503394,0.439188
chr15:298891:A:G,15,298891,0.559985
chr15:76898461:A:G,15,76898461,0.476702
chr15:92237426:A:G,15,92237426,0.705127
chr15:19936467:A:G,15,19936467,0.284335
chr15:34113021:A:G,15,34113021,0.650018
chr15:76591366:A:G,15,76591366,0.85895
chr15:43500395:A:G,15,43500395,0.947092
chr15:56039207:A:G,15,56039207,0.433053
chr15:94515394:A:G,15,94515394,0.455427
chr15:90512179:A:G,15,90512179,0.0831036
chr15:462237:A:G,15,462237,0.353969
chr15:40201340:A:G,15,40201340,0.78831
chr15:68530977:A:G,15,68530977,0.435481
chr15:32379583:A:G,15,32379583,0.786245
chr15:99447338:A:G,15,99447338,0.828065
chr15:98276983:A:G,15,98276983,0.160487
chr15:34423251:A:G,15,34423251,0.329424
chr15:44150043:A:G,15,44150043,0.0782024
chr15:69964352:A:G,15,69964352,0.318522
chr15:1913558:A:G,15,1913558,0.930654
chr15:86935299:A:G,15,86935299,0.420651
chr15:52876590:A:G,15,52876590,0.47226
chr15:20675419:A:G,15,20675419,0.448994
chr15:26017868:A:G,15,26017868,0.549982
chr15:61954993:A:G,15,61954993,0.326578
chr15:87621707:A:G,15,87621707,0.903059
chr15:56243214:A:G,15,56243214,0.746515
chr15:44540060:A:G,15,44540060,0.0241246
chr15:49956218:A:G,15,49956218,0.274847
chr15:6004065:A:G,15,6004065,0.00222943
chr15:411425:A:G,15,411425,0.402006
chr15:42456131:A:G,15,42456131,0.453434
chr15:58316813:A:G,15,58316813,0.927852
chr15:79913175:A:G,15,79913175,0.729477
chr15:10440877:A:G,15,10440877,0.437888
chr15:82073398:A:G,15,82073398,0.785915
chr15:71540165:A:G,15,71540165,0.374274
chr15:71690784:A:G,15,71690784,0.402624
chr15:37367504:A:G,15,37367504,0.452715
chr15:29551306:A:G,15,29551306,0.109952
chr15:52670324:A:G,15,52670324,0.996572
chr15:23177273:A:G,15,23177273,0.828846
chr15:89021620:A:G,15,89021620,0.862876
chr15:25236202:A:G,15,25236202,0.407457
chr15:67066546:A:G,15,67066546,0.368218
chr15:3054724:A:G,15,3054724,0.0546961
chr15:89045587:A:G,15,89045587,0.0230865
chr15:93404345:A:G,15,93404345,0.0181563
chr15:49886573:A:G,15,49886573,0.421225
chr15:73589218:A:G,15,73589218,0.782737
chr15:34567311:A:G,15,34567311,0.608201
chr15:97415105:A:G,15,97415105,0.213164
chr15:2992350:A:G,15,2992350,0.153765
chr15:98232449:A:G,15,98232449,0.592257
chr15:17137880:A:G,15,17137880,0.978569
chr15:26576979:A:G,15,26576979,0.694329
chr15:19535328:A:G,15,19535328,0.123804
chr15:91599743:A:G,15,91599743,0.206938
chr15:77866159:A:G,15,77866159,0.235375
chr15:3830614:A:G,15,3830614,0.798821
chr15:17317980:A:G,15,17317980,0.469817
chr15:27063546:A:G,15,27063546,0.514613
chr15:36162440:A:G,15,36162440,0.902459
chr15:24854294:A:G,15,24854294,0.609038
chr15:17923052:A:G,15,17923052,0.178091
chr15:64531251:A:G,15,64531251,0.965272
chr15:42291044:A:G,15,42291044,0.505732
chr15:49409769:A:G,15,49409769,0.458439
chr15:92663107:A:G,15,92663107,0.122694
chr15:14893721:A:G,15,14893721,0.215222
chr15:5640185:A:G,15,5640185,0.371634
chr15:74030778:A:G,15,74030778,0.284973
chr15:23268326:A:G,15,23268326,0.0232993
chr15:60537733:A:G,15,60537733,0.108859
chr15:101614379:A:G,15,101614379,0.456498
chr15:44618349:A:G,15,44618349,0.934892
chr15:255436:A:G,15,255436,0.894422
chr15:53817543:A:G,15,53817543,0.431663
chr15:20426332:A:G,15,20426332,0.0506448
chr15:45599247:A:G,15,45599247,0.326385
chr15:61457182:A:G,15,61457182,0.452771
chr15:28423017:A:G,15,28423017,0.179689
chr15:60752505:A:G,15,60752505,0.371248
chr15:18093321:A:G,15,18093321,0.27936
chr15:13499108:A:G,15,13499108,0.223464
chr15:83235699:A:G,15,83235699,0.117664
chr15:87549123:A:G,15,87549123,0.0272986
chr15:49462269:A:G,15,49462269,0.521845
chr15:68655741:A:G,15,68655741,0.411284
chr15:88674139:A:G,15,88674139,0.515353
chr15:37345247:A:G,15,37345247,0.856084
chr15:19540692:A:G,15,19540692,0.192017
chr15:35750533:A:G,15,35750533,0.344074
chr15:15336218:A:G,15,15336218,0.093839
chr15:21084735:A:G,15,21084735,0.44526
chr15:71479689:A:G,15,71479689,0.667822
chr15:95021280:A:G,15,95021280,0.518261
chr15:100132031:A:G,15,100132031,0.118698
chr15:50416438:A:G,15,50416438,0.748723
chr15:97936439:A:G,15,97936439,0.709905
chr15:11562809:A:G,15,11562809,0.0513611
chr15:76020689:A:G,15,76020689,0.147199
chr15:18420462:A:G,15,18420462,0.286686
chr15:70357295:A:G,15,70357295,0.640491
chr15:6322532:A:G,15,6322532,0.500257
chr15:11710642:A:G,15,11710642,0.437282
chr15:58838522:A:G,15,58838522,0.192199
chr15:62835284:A:G,15,62835284,0.699769
chr15:60848779:A:G,15,60848779,0.249185
chr15:87519083:A:G,15,87519083,0.709533
chr15:15726321:A:G,15,15726321,0.080134
chr15:3862901:A:G,15,3862901,0.112457
chr15:33210049:A:G,15,33210049,0.389411
chr15:21873133:A:G,15,21873133,0.738067
chr15:96737738:A:G,15,96737738,0.0287
chr15:8889091:A:G,15,8889091,0.192852
chr15:46093079:A:G,15,46093079,0.496628
chr15:50692418:A:G,15,50692418,0.341799
chr15:56905541:A:G,15,56905541,0.0849897
chr15:29540394:A:G,15,29540394,0.612811
chr15:29611606:A:G,15,29611606,0.654977
chr15:50706186:A:G,15,50706186,0.480961
chr15:96773829:A:G,15,96773829,0.891002
chr15:48023326:A:G,15,48023326,0.31244
chr15:30297603:A:G,15,30297603,0.166387
chr15:74329380:A:G,15,74329380,0.21143
chr15:44720402:A:G,15,44720402,0.413273
chr15:41350863:A:G,15,41350863,0.410912
chr15:35370357:A:G,15,35370357,0.966246
chr15:16018125:A:G,15,16018125,0.710766
chr15:7782383:A:G,15,7782383,0.115641
chr15:63839497:A:G,15,63839497,0.214268
chr15:15488156:A:G,15,15488156,0.870633
chr15:92273575:A:G,15,92273575,0.274249
chr15:12579239:A:G,15,12579239,0.124265
chr15:81545574:A:G,15,81545574,0.443977
chr16:18511305:A:G,16,18511305,0.786474
chr16:58980893:A:G,16,58980893,0.0613724
chr16:8383077:A:G,16,8383077,0.703383
chr16:86158336:A:G,16,86158336,0.0927148
chr16:26265061:A:G,16,26265061,0.977603
chr16:71630825:A:G,16,71630825,0.820993
chr16:53437991:A:G,16,53437991,0.300821
chr16:61170797:A:G,16,61170797,0.462128
chr16:37246183:A:G,16,37246183,0.829839
chr16:49124777:A:G,16,49124777,0.586792
chr16:44285273:A:G,16,44285273,0.21125
chr16:33367551:A:G,16,33367551,0.468545
chr16:65289002:A:G,16,65289002,0.756781
chr16:69394971:A:G,16,69394971,0.963072
chr16:26959992:A:G,16,26959992,0.551022
chr16:16092585:A:G,16,16092585,0.288401
chr16:52246532:A:G,16,52246532,0.70037
chr16:47760544:A:G,16,47760544,0.626318
chr16:89624380:A:G,16,89624380,0.924202
chr16:81072798:A:G,16,81072798,0.510855
chr16:52833374:A:G,16,52833374,0.158596
chr16:62498230:A:G,16,62498230,0.0631853
chr16:63996447:A:G,16,63996447,0.923188
chr16:62851520:A:G,16,62851520,0.873621
chr16:44057846:A:G,16,44057846,0.184825
chr16:62092710:A:G,16,62092710,0.43813
chr16:19090756:A:G,16,19090756,0.396524
chr16:88703679:A:G,16,88703679,0.276329
chr16:18579384:A:G,16,18579384,0.119506
chr16:17266736:A:G,16,17266736,0.0561321
chr16:31372466:A:G,16,31372466,0.0150125
chr16:49615949:A:G,16,49615949,0.315964
chr16:5476646:A:G,16,5476646,0.093319
chr16:73427304:A:G,16,73427304,0.242033
chr16:11282000:A:G,16,11282000,0.762825
chr16:39162099:A:G,16,39162099,0.61567
chr16:72129799:A:G,16,72129799,0.695742
chr16:64672727:A:G,16,64672727,0.703837
chr16:55958190:A:G,16,55958190,0.447544
chr16:19210746:A:G,16,19210746,0.916873
chr16:80763928:A:G,16,80763928,0.927682
chr16:33715162:A:G,16,33715162,0.64711
chr16:83307028:A:G,16,83307028,0.0717048
chr16:11020909:A:G,16,11020909,0.645391
chr16:47284060:A:G,16,47284060,0.347939
chr16:57183083:A:G,16,57183083,0.420454
chr16:89936040:A:G,16,89936040,0.378859
chr16:21981144:A:G,16,21981144,0.723202
chr16:43051863:A:G,16,43051863,0.0872097
chr16:8394618:A:G,16,8394618,0.491918
chr16:43388126:A:G,16,43388126,0.00301475
chr16:20518241:A:G,16,20518241,0.16648
chr16:25744127:A:G,16,25744127,0.864046
chr16:13078491:A:G,16,13078491,0.808918
chr16:22618118:A:G,16,22618118,0.484805
chr16:66417288:A:G,16,66417288,0.0191736
chr16:7436471:A:G,16,7436471,0.967466
chr16:4040146:A:G,16,4040146,0.226205
chr16:60611180:A:G,16,60611180,0.114456
chr16:31895707:A:G,16,31895707,0.894931
chr16:84411990:A:G,16,84411990,0.243155
chr16:78280202:A:G,16,78280202,0.608826
chr16:36171149:A:G,16,36171149,0.119954
chr16:79094990:A:G,16,79094990,0.822
chr16:16127904:A:G,16,16127904,0.616497
chr16:49269917:A:G,16,49269917,0.0494926
chr16:55160781:A:G,16,55160781,0.0107262
chr16:44705820:A:G,16,44705820,0.645444
chr16:29929708:A:G,16,29929708,0.696375
chr16:67680583:A:G,16,67680583,0.545926
chr16:25749151:A:G,16,25749151,0.036333
chr16:86311815:A:G,16,86311815,0.87235
chr16:48516189:A:G,16,48516189,0.535377
chr16:7653721:A:G,16,7653721,0.0877556
chr16:50551085:A:G,16,50551085,0.95096
chr16:34896147:A:G,16,34896147,0.572584
chr16:78038157:A:G,16,78038157,0.795735
chr16:54059790:A:G,16,54059790,0.982203
chr16:35129635:A:G,16,35129635,0.440956
chr16:4805453:A:G,16,4805453,0.734625
chr16:26826511:A:G,16,26826511,0.394976
chr16:16317378:A:G,16,16317378,0.834566
chr16:75228048:A:G,16,75228048,0.573014
chr16:64148050:A:G,16,64148050,0.0171038
chr16:72157269:A:G,16,72157269,0.608642
chr16:64936279:A:G,16,64936279,0.988586
chr16:21561190:A:G,16,21561190,0.507985
chr16:89171244:A:G,16,89171244,0.818282
chr16:53192292:A:G,16,53192292,0.731903
chr16:54353982:A:G,16,54353982,0.0791158
chr16:9115975:A:G,16,9115975,0.520619
chr16:15944960:A:G,16,15944960,0.823788
chr16:15712816:A:G,16,15712816,0.538117
chr16:9008956:A:G,16,9008956,0.0431888
chr16:18428084:A:G,16,18428084,0.0252605
chr16:62365728:A:G,16,62365728,0.340227
chr16:24306164:A:G,16,24306164,0.440011
chr16:15107006:A:G,16,15107006,0.970393
chr16:77946990:A:G,16,77946990,0.631734
chr16:71238969:A:G,16,71238969,0.737975
chr16:89371252:A:G,16,89371252,0.446273
chr16:63858404:A:G,16,63858404,0.770556
chr16:10359274:A:G,16,10359274,0.986496
chr16:56984288:A:G,16,56984288,0.595073
chr16:80670729:A:G,16,80670729,0.725478
chr16:30151313:A:G,16,30151313,0.550322
chr16:45992127:A:G,16,45992127,0.350201
chr16:42189744:A:G,16,42189744,0.0352111
chr16:28567440:A:G,16,28567440,0.6853
chr16:51622300:A:G,16,51622300,0.3366
chr16:80136887:A:G,16,80136887,0.207137
chr16:47947680:A:G,16,47947680,0.323101
chr16:17142654:A:G,16,17142654,0.2639
chr16:42944231:A:G,16,42944231,0.20343
chr16:76634901:A:G,16,76634901,0.0493874
chr16:26937317:A:G,16,26937317,0.313272
chr16:73610553:A:G,16,73610553,0.721906
chr16:49782072:A:G,16,49782072,0.215327
chr16:8290948:A:G,16,8290948,0.864795
chr16:74388868:A:G,16,74388868,0.632271
chr16:14171963:A:G,16,14171963,0.766339
chr16:37934276:A:G,16,37934276,0.881307
chr16:26448105:A:G,16,26448105,0.021101
chr16:68340821:A:G,16,68340821,0.104317
chr16:14776246:A:G,16,14776246,0.805721
chr16:55182337:A:G,16,55182337,0.555769
chr16:28489805:A:G,16,28489805,0.792203
chr16:62552808:A:G,16,62552808,0.133684
chr16:55267194:A:G,16,55267194,0.11075
chr16:36548698:A:G,16,36548698,0.779784
chr16:4289907:A:G,16,4289907,0.24476
chr16:70788415:A:G,16,70788415,0.966555
chr16:65152959:A:G,16,65152959,0.697861
chr16:52858276:A:G,16,52858276,0.82064
chr16:75166927:A:G,16,75166927,0.268598
chr16:12975856:A:G,16,12975856,0.0283418
chr16:47856142:A:G,16,47856142,0.0127812
chr16:29924906:A:G,16,29924906,0.939545
chr16:1052363:A:G,16,1052363,0.105361
chr16:35790085:A:G,16,35790085,0.293767
chr16:84452028:A:G,16,84452028,0.716971
chr16:15805699:A:G,16,15805699,0.7393
chr16:52447877:A:G,16,52447877,0.353514
chr16:21733099:A:G,16,21733099,0.144501
chr16:51552724:A:G,16,51552724,0.741654
chr16:19087592:A:G,16,19087592,0.0109078
chr16:29237409:A:G,16,29237409,0.53842
chr16:5561619:A:G,16,5561619,0.459522
chr16:5342835:A:G,16,5342835,0.799295
chr16:11242493:A:G,16,11242493,0.190113
chr17:32090902:A:G,17,32090902,0.602429
chr17:3669014:A:G,17,3669014,0.0495354
chr17:53890090:A:G,17,53890090,0.0855447
chr17:21043859:A:G,17,21043859,0.852571
chr17:41953341:A:G,17,41953341,0.969532
chr17:66794137:A:G,17,66794137,0.933895
chr17:3705056:A:G,17,3705056,0.960232
chr17:2782501:A:G,17,2782501,0.0580497
chr17:62694140:A:G,17,62694140,0.996007
chr17:73044550:A:G,17,73044550,0.57033
chr17:65938422:A:G,17,65938422,0.466668
chr17:61744338:A:G,17,61744338,0.39153
chr17:4890269:A:G,17,4890269,0.169274
chr17:47186472:A:G,17,47186472,0.561605
chr17:72192188:A:G,17,72192188,0.936287
chr17:20682253:A:G,17,20682253,0.770631
chr17:4945539:A:G,17,4945539,0.343133
chr17:83107129:A:G,17,83107129,0.821037
chr17:37405763:A:G,17,37405763,0.762229
chr17:22360252:A:G,17,22360252,0.593648
chr17:17210013:A:G,17,17210013,0.0561602
chr17:67785296:A:G,17,67785296,0.651988
chr17:57399519:A:G,17,57399519,0.563897
chr17:39889440:A:G,17,39889440,0.505029
chr17:19505250:A:G,17,19505250,0.484968
chr17:29350787:A:G,17,29350787,0.0958819
chr17:15101241:A:G,17,15101241,0.0288725
chr17:81584061:A:G,17,81584061,0.525682
chr17:64703757:A:G,17,64703757,0.317713
chr17:23986241:A:G,17,23986241,0.0863504
chr17:57926694:A:G,17,57926694,0.776406
chr17:40041741:A:G,17,40041741,0.878374
chr17:33479055:A:G,17,33479055,0.493966
chr17:81947418:A:G,17,81947418,0.0128285
chr17:78824193:A:G,17,78824193,0.599046
chr17:71984697:A:G,17,71984697,0.259126
chr17:53316735:A:G,17,53316735,0.945418
chr17:25432316:A:G,17,25432316,0.656216
chr17:6038907:A:G,17,6038907,0.38
chr17:70299983:A:G,17,70299983,0.187313
chr17:1036628:A:G,17,1036628,0.759371
chr17:2943701:A:G,17,2943701,0.865048
chr17:32679712:A:G,17,32679712,0.807247
chr17:70240226:A:G,17,70240226,0.285378
chr17:35378115:A:G,17,35378115,0.195445
chr17:2148440:A:G,17,2148440,0.338516
chr17:9773843:A:G,17,9773843,0.00309611
chr17:53245785:A:G,17,53245785,0.354338
chr17:33656543:A:G,17,33656543,0.304464
chr17:23699715:A:G,17,23699715,0.296831
chr17:71997365:A:G,17,71997365,0.1908
chr17:63201753:A:G,17,63201753,0.924291
chr17:55989043:A:G,17,55989043,0.579459
chr17:45883075:A:G,17,45883075,0.556812
chr17:47706089:A:G,17,47706089,0.264639
chr17:33220585:A:G,17,33220585,0.993247
chr17:69383580:A:G,17,69383580,0.547155
chr17:80053619:A:G,17,80053619,0.442561
chr17:26258611:A:G,17,26258611,0.632314
chr17:38391717:A:G,17,38391717,0.539415
chr17:83248858:A:G,17,83248858,0.0643824
chr17:67536409:A:G,17,67536409,0.854597
chr17:43278126:A:G,17,43278126,0.558238
chr17:38383929:A:G,17,38383929,0.995996
chr17:47543759:A:G,17,47543759,0.735285
chr17:28061517:A:G,17,28061517,0.374431
chr17:64054405:A:G,17,64054405,0.689076
chr17:23062825:A:G,17,23062825,0.0162329
chr17:46986983:A:G,17,46986983,0.132059
chr17:68195368:A:G,17,68195368,0.0167365
chr17:34222206:A:G,17,34222206,0.00552971
chr17:4841960:A:G,17,4841960,0.210729
chr17:79468017:A:G,17,79468017,0.352055
chr17:77459563:A:G,17,77459563,0.519721
chr17:13735234:A:G,17,13735234,0.00860029
chr17:34787781:A:G,17,34787781,0.514626
chr17:35934540:A:G,17,35934540,0.25529
chr17:4730150:A:G,17,4730150,0.547072
chr17:82910706:A:G,17,82910706,0.241998
chr17:78523607:A:G,17,78523607,0.294815
chr17:42764077:A:G,17,42764077,0.0198545
chr17:67057190:A:G,17,67057190,0.0592103
chr17:63858151:A:G,17,63858151,0.826865
chr17:5125077:A:G,17,5125077,0.527678
chr17:8470022:A:G,17,8470022,0.374722
chr17:81033825:A:G,17,81033825,0.974573
chr17:75092760:A:G,17,75092760,0.915604
chr17:67757087:A:G,17,67757087,0.213151
chr17:43312171:A:G,17,43312171,0.314723
chr17:49390365:A:G,17,49390365,0.684327
chr17:41133508:A:G,17,41133508,0.988218
chr17:27832527:A:G,17,27832527,0.795539
chr17:52245309:A:G,17,52245309,0.00354437
chr17:68541279:A:G,17,68541279,0.898389
chr17:4066384:A:G,17,4066384,0.0120819
chr17:36779073:A:G,17,36779073,0.975751
chr17:39519444:A:G,17,39519444,0.260177
chr17:17603791:A:G,17,17603791,0.0900692
chr17:35347390:A:G,17,35347390,0.920773
chr17:21659335:A:G,17,21659335,0.560778
chr17:54479270:A:G,17,54479270,0.954872
chr17:7400168:A:G,17,7400168,0.819102
chr17:6219004:A:G,17,6219004,0.598768
chr17:73078078:A:G,17,73078078,0.181876
chr17:45412386:A:G,17,45412386,0.487531
chr17:62029112:A:G,17,62029112,0.544882
chr17:7585880:A:G,17,7585880,0.362802
chr17:70213748:A:G,17,70213748,0.748652
chr17:28010626:A:G,17,28010626,0.327522
chr17:45741941:A:G,17,45741941,0.0468503
chr17:66071756:A:G,17,66071756,0.845001
chr17:28095994:A:G,17,28095994,0.361427
chr17:39359358:A:G,17,39359358,0.98163
chr17:7931443:A:G,17,7931443,0.396089
chr17:61176634:A:G,17,61176634,0.924683
chr17:44370278:A:G,17,44370278,0.915793
chr17:11733083:A:G,17,11733083,0.755122
chr17:18856328:A:G,17,18856328,0.878373
chr17:74839674:A:G,17,74839674,0.178973
chr17:30239720:A:G,17,30239720,0.629878
chr17:29188872:A:G,17,29188872,0.323064
chr17:70578528:A:G,17,70578528,0.631297
chr17:44905986:A:G,17,44905986,0.732148
chr17:16717630:A:G,17,16717630,0.315205
chr17:76707740:A:G,17,76707740,0.717365
chr17:57557105:A:G,17,57557105,0.893659
chr17:2182721:A:G,17,2182721,0.267651
chr17:32341513:A:G,17,32341513,0.43577
chr17:3008369:A:G,17,3008369,0.830761
chr17:81622688:A:G,17,81622688,0.996438
chr17:4594711:A:G,17,4594711,0.284252
chr17:14977456:A:G,17,14977456,0.405534
chr17:11038970:A:G,17,11038970,0.146409
chr17:69859489:A:G,17,69859489,0.672456
chr17:53526371:A:G,17,53526371,0.481201
chr17:18275099:A:G,17,18275099,0.0218156
chr17:48328007:A:G,17,48328007,0.970405
chr17:71922914:A:G,17,71922914,0.707412
chr17:35107609:A:G,17,35107609,0.625424
chr17:72113672:A:G,17,72113672,0.504974
chr17:73880082:A:G,17,73880082,0.507939
chr17:29793326:A:G,17,29793326,0.270259
chr17:23804409:A:G,17,23804409,0.756654
chr17:59078883:A:G,17,59078883,0.289509
chr17:30890858:A:G,17,30890858,0.296851
chr17:24001445:A:G,17,24001445,0.821809
chr17:13940900:A:G,17,13940900,0.247249
chr17:77271363:A:G,17,77271363,0.306207
chr17:77525880:A:G,17,77525880,0.653419
chr17:46012291:A:G,17,46012291,0.525541
chr18:62316464:A:G,18,62316464,0.624817
chr18:30054319:A:G,18,30054319,0.84916
chr18:69399661:A:G,18,69399661,0.498704
chr18:16303740:A:G,18,16303740,0.539334
chr18:4382017:A:G,18,4382017,0.951095
chr18:51207664:A:G,18,51207664,0.904082
chr18:65907027:A:G,18,65907027,0.727197
chr18:41075073:A:G,18,41075073,0.280303
chr18:20689119:A:G,18,20689119,0.676009
chr18:14186553:A:G,18,14186553,0.0655812
chr18:13836906:A:G,18,13836906,0.42948
chr18:39925392:A:G,18,39925392,0.0625458
chr18:14085077:A:G,18,14085077,0.556038
chr18:36441328:A:G,18,36441328,0.454824
chr18:34665319:A:G,18,34665319,0.901195
chr18:75121066:A:G,18,75121066,0.253514
chr18:70151756:A:G,18,70151756,0.380368
chr18:66795355:A:G,18,66795355,0.779164
chr18:44148491:A:G,18,44148491,0.343843
chr18:66843363:A:G,18,66843363,0.903718
chr18:56170051:A:G,18,56170051,0.344159
chr18:32073649:A:G,18,32073649,0.356345
chr18:59838006:A:G,18,59838006,0.0418225
chr18:37454176:A:G,18,37454176,0.43118
chr18:64562117:A:G,18,64562117,0.0167444
chr18:36500090:A:G,18,36500090,0.160982
chr18:51146391:A:G,18,51146391,0.794407
chr18:31884542:A:G,18,31884542,0.722564
chr18:10159559:A:G,18,10159559,0.197487
chr18:69710086:A:G,18,69710086,0.185756
chr18:52093518:A:G,18,52093518,0.508815
chr18:71211344:A:G,18,71211344,0.912374
chr18:71846803:A:G,18,71846803,0.888601
chr18:36618098:A:G,18,36618098,0.126638
chr18:13961829:A:G,18,13961829,0.470953
chr18:58165466:A:G,18,58165466,0.132133
chr18:578903:A:G,18,578903,0.254652
chr18:23520877:A:G,18,23520877,0.204925
chr18:14458641:A:G,18,14458641,0.399698
chr18:62554957:A:G,18,62554957,0.56218
chr18:80367005:A:G,18,80367005,0.147464
chr18:28446060:A:G,18,28446060,0.990528
chr18:24250955:A:G,18,24250955,0.879428
chr18:51061282:A:G,18,51061282,0.941519
chr18:25296706:A:G,18,25296706,0.865756
chr18:42582495:A:G,18,42582495,0.498698
chr18:63825740:A:G,18,63825740,0.170954
chr18:69418085:A:G,18,69418085,0.00215851
chr18:22250461:A:G,18,22250461,0.671579
chr18:23372874:A:G,18,23372874,0.607919
chr18:40717181:A:G,18,40717181,0.920935
chr18:1457185:A:G,18,1457185,0.321047
chr18:69904653:A:G,18,69904653,0.794001
chr18:55498882:A:G,18,55498882,0.357967
chr18:3244171:A:G,18,3244171,0.609326
chr18:79327329:A:G,18,79327329,0.508124
chr18:59057738:A:G,18,59057738,0.30212
chr18:17110676:A:G,18,17110676,0.994864
chr18:66210654:A:G,18,66210654,0.156687
chr18:31432928:A:G,18,31432928,0.713106
chr18:7256202:A:G,18,7256202,0.493308
chr18:7108380:A:G,18,7108380,0.305905
chr18:3830639:A:G,18,3830639,0.86437
chr18:31943563:A:G,18,31943563,0.911588
chr18:55469368:A:G,18,55469368,0.911875
chr18:37095683:A:G,18,37095683,0.157548
chr18:44891499:A:G,18,44891499,0.125504
chr18:58782344:A:G,18,58782344,0.725891
chr18:15642056:A:G,18,15642056,0.561125
chr18:61671804:A:G,18,61671804,0.638586
chr18:69690174:A:G,18,69690174,0.944233
chr18:59216699:A:G,18,59216699,0.335232
chr18:28550860:A:G,18,28550860,0.595171
chr18:14477472:A:G,18,14477472,0.258657
chr18:39334945:A:G,18,39334945,0.744528
chr18:31800930:A:G,18,31800930,0.46329
chr18:65459076:A:G,18,65459076,0.476391
chr18:73150788:A:G,18,73150788,0.279399
chr18:22396482:A:G,18,22396482,0.814243
chr18:20413289:A:G,18,20413289,0.801389
chr18:72218775:A:G,18,72218775,0.354923
chr18:59380991:A:G,18,59380991,0.801187
chr18:29755161:A:G,18,29755161,0.41165
chr18:33805768:A:G,18,33805768,0.463444
chr18:9574118:A:G,18,9574118,0.978402
chr18:20136523:A:G,18,20136523,0.125626
chr18:54608378:A:G,18,54608378,0.0852453
chr18:67148628:A:G,18,67148628,0.844378
chr18:42336135:A:G,18,42336135,0.687875
chr18:73986501:A:G,18,73986501,0.146683
chr18:11602738:A:G,18,11602738,0.311389
chr18:60259213:A:G,18,60259213,0.419391
chr18:184728:A:G,18,184728,0.993686
chr18:35208636:A:G,18,35208636,0.234382
chr18:19386324:A:G,18,19386324,0.251715
chr18:76605085:A:G,18,76605085,0.0349796
chr18:1235206:A:G,18,1235206,0.217359
chr18:17511579:A:G,18,17511579,0.339791
chr18:74068989:A:G,18,74068989,0.293113
chr18:9212674:A:G,18,9212674,0.813134
chr18:61151819:A:G,18,61151819,0.747965
chr18:53451202:A:G,18,53451202,0.990375
chr18:13843622:A:G,18,13843622,0.785363
chr18:20556752:A:G,18,20556752,0.0462612
chr18:51182401:A:G,18,51182401,0.383592
chr18:43152274:A:G,18,43152274,0.558262
chr18:8410802:A:G,18,8410802,0.324291
chr18:49289430:A:G,18,49289430,0.423966
chr18:58675463:A:G,18,58675463,0.0545543
chr18:16903839:A:G,18,16903839,0.707726
chr18:65318681:A:G,18,65318681,0.109109
chr18:30790609:A:G,18,30790609,0.490613
chr18:61320100:A:G,18,61320100,0.527772
chr18:31343146:A:G,18,31343146,0.66509
chr18:52206677:A:G,18,52206677,0.872729
chr18:55777497:A:G,18,55777497,0.283979
chr18:27170977:A:G,18,27170977,0.257635
chr18:79551454:A:G,18,79551454,0.408759
chr18:71716291:A:G,18,71716291,0.88263
chr18:9769924:A:G,18,9769924,0.196783
chr18:79737840:A:G,18,79737840,0.458218
chr18:51043163:A:G,18,51043163,0.296451
chr18:7461688:A:G,18,7461688,0.704543
chr18:8754894:A:G,18,8754894,0.121319
chr18:77795525:A:G,18,77795525,0.986177
chr18:11877419:A:G,18,11877419,0.751059
chr18:68332303:A:G,18,68332303,0.84192
chr18:10689610:A:G,18,10689610,0.568974
chr18:28827223:A:G,18,28827223,0.360874
chr18:38171052:A:G,18,38171052,0.339762
chr18:11063067:A:G,18,11063067,0.605149
chr18:62184485:A:G,18,62184485,0.72899
chr18:35116358:A:G,18,35116358,0.230883
chr18:62409532:A:G,18,62409532,0.493123
chr18:58321757:A:G,18,58321757,0.763266
chr18:38196637:A:G,18,38196637,0.636244
chr18:31140372:A:G,18,31140372,0.399234
chr18:37332245:A:G,18,37332245,0.606605
chr18:28039792:A:G,18,28039792,0.852735
chr18:38170387:A:G,18,38170387,0.837012
chr18:4836022:A:G,18,4836022,0.297927
chr18:76266500:A:G,18,76266500,0.0029807
chr18:39958602:A:G,18,39958602,0.953788
chr18:70769200:A:G,18,70769200,0.00709412
chr18:68147665:A:G,18,68147665,0.582799
chr18:68843983:A:G,18,68843983,0.00878042
chr18:54676594:A:G,18,54676594,0.769609
chr18:33638145:A:G,18,33638145,0.885748
chr18:60108188:A:G,18,60108188,0.639299
chr18:58556684:A:G,18,58556684,0.196555
chr19:52460569:A:G,19,52460569,0.555109
chr19:16545041:A:G,19,16545041,0.285429
chr19:24727512:A:G,19,24727512,0.325173
chr19:7515960:A:G,19,7515960,0.364607
chr19:53107635:A:G,19,53107635,0.374603
chr19:10672059:A:G,19,10672059,0.623067
chr19:21727661:A:G,19,21727661,0.149476
chr19:1910650:A:G,19,1910650,0.821586
chr19:49223134:A:G,19,49223134,0.91843
chr19:16688209:A:G,19,16688209,0.964672
chr19:56697591:A:G,19,56697591,0.985248
chr19:10234607:A:G,19,10234607,0.102563
chr19:36446813:A:G,19,36446813,0.52321
chr19:48047599:A:G,19,48047599,0.117174
chr19:12815321:A:G,19,12815321,0.137081
chr19:38811466:A:G,19,38811466,0.263319
chr19:52733139:A:G,19,52733139,0.228838
chr19:57590227:A:G,19,57590227,0.086601
chr19:24992725:A:G,19,24992725,0.186968
chr19:15149657:A:G,19,15149657,0.39585
chr19:20138112:A:G,19,20138112,0.630336
chr19:18221460:A:G,19,18221460,0.19192
chr19:4437532:A:G,19,4437532,0.827021
chr19:22640105:A:G,19,22640105,0.297318
chr19:36856145:A:G,19,36856145,0.748107
chr19:58555839:A:G,19,58555839,0.443585
chr19:13600885:A:G,19,13600885,0.430515
chr19:47449906:A:G,19,47449906,0.193915
chr19:39757622:A:G,19,39757622,0.435988
chr19:10304947:A:G,19,10304947,0.714769
chr19:9479661:A:G,19,9479661,0.787404
chr19:28012711:A:G,19,28012711,0.490232
chr19:28648942:A:G,19,28648942,0.150762
chr19:45343088:A:G,19,45343088,0.036259
chr19:58373551:A:G,19,58373551,0.877932
chr19:4404295:A:G,19,4404295,0.963121
chr19:1740698:A:G,19,1740698,0.177516
chr19:36765374:A:G,19,36765374,0.0495751
chr19:30185984:A:G,19,30185984,0.944062
chr19:46069478:A:G,19,46069478,0.615462
chr19:6986542:A:G,19,6986542,0.0931479
chr19:40092909:A:G,19,40092909,0.0977222
chr19:12887175:A:G,19,12887175,0.0941598
chr19:23145006:A:G,19,23145006,0.844844
chr19:57924051:A:G,19,57924051,0.319453
chr19:17044813:A:G,19,17044813,0.638515
chr19:26775462:A:G,19,26775462,0.0428137
chr19:22387789:A:G,19,22387789,0.442197
chr19:40482735:A:G,19,40482735,0.806491
chr19:26104752:A:G,19,26104752,0.208173
chr19:51950086:A:G,19,51950086,0.138401
chr19:4824869:A:G,19,4824869,0.789385
chr19:28088076:A:G,19,28088076,0.649145
chr19:14994050:A:G,19,14994050,0.765566
chr19:58160142:A:G,19,58160142,0.221126
chr19:20224092:A:G,19,20224092,0.421476
chr19:26328699:A:G,19,26328699,0.843768
chr19:4258257:A:G,19,4258257,0.0845116
chr19:58256094:A:G,19,58256094,0.615311
chr19:9118113:A:G,19,9118113,0.0850478
chr19:46163435:A:G,19,46163435,0.438366
chr19:30081412:A:G,19,30081412,0.51464
chr19:42213325:A:G,19,42213325,0.135141
chr19:50288986:A:G,19,50288986,0.326625
chr19:32613366:A:G,19,32613366,0.179236
chr19:11135479:A:G,19,11135479,0.771909
chr19:14895770:A:G,19,14895770,0.15755
chr19:40840868:A:G,19,40840868,0.626553
chr19:499430:A:G,19,499430,0.931454
chr19:21060570:A:G,19,21060570,0.141413
chr19:39245290:A:G,19,39245290,0.549385
chr19:38359449:A:G,19,38359449,0.109865
chr19:14110827:A:G,19,14110827,0.724719
chr19:45326210:A:G,19,45326210,0.543828
chr19:11343157:A:G,19,11343157,0.274783
chr19:19782994:A:G,19,19782994,0.881062
chr19:34502218:A:G,19,34502218,0.223555
chr19:35549720:A:G,19,35549720,0.0998186
chr19:13770836:A:G,19,13770836,0.93196
chr19:54526194:A:G,19,54526194,0.572459
chr19:51259103:A:G,19,51259103,0.861192
chr19:53410564:A:G,19,53410564,0.303036
chr19:18941917:A:G,19,18941917,0.113191
chr19:15419404:A:G,19,15419404,0.635025
chr19:3061398:A:G,19,3061398,0.607211
chr19:19969687:A:G,19,19969687,0.739893
chr19:40974529:A:G,19,40974529,0.747982
chr19:50081933:A:G,19,50081933,0.185586
chr19:51239743:A:G,19,51239743,0.512206
chr19:6253042:A:G,19,6253042,0.129367
chr19:45099437:A:G,19,45099437,0.605064
chr19:2743997:A:G,19,2743997,0.517346
chr19:55640574:A:G,19,55640574,0.781683
chr19:13183383:A:G,19,13183383,0.30963
chr19:24733441:A:G,19,24733441,0.686552
chr19:51067661:A:G,19,51067661,0.772019
chr19:12495469:A:G,19,12495469,0.761768
chr19:19406773:A:G,19,19406773,0.174814
chr19:52154478:A:G,19,52154478,0.780703
chr19:34329508:A:G,19,34329508,0.078167
chr19:50531921:A:G,19,50531921,0.172786
chr19:35339189:A:G,19,35339189,0.258433
chr19:24775769:A:G,19,24775769,0.64113
chr19:32093873:A:G,19,32093873,0.65438
chr19:4452425:A:G,19,4452425,0.349827
chr19:48864598:A:G,19,48864598,0.997647
chr19:34246217:A:G,19,34246217,0.58132
chr19:8655135:A:G,19,8655135,0.175837
chr19:11847890:A:G,19,11847890,0.130088
chr19:33191056:A:G,19,33191056,0.520489
chr19:16096586:A:G,19,16096586,0.427505
chr19:40657794:A:G,19,40657794,0.962474
chr19:38371068:A:G,19,38371068,0.475979
chr19:18697710:A:G,19,18697710,0.834292
chr19:30241336:A:G,19,30241336,0.775665
chr19:37041815:A:G,19,37041815,0.733087
chr19:32216201:A:G,19,32216201,0.0861454
chr19:30630245:A:G,19,30630245,0.487751
chr19:14656620:A:G,19,14656620,0.49478
chr19:51012286:A:G,19,51012286,0.272109
chr19:7422040:A:G,19,7422040,0.315026
chr19:15047306:A:G,19,15047306,0.921228
chr19:7611868:A:G,19,7611868,0.171895
chr19:23781984:A:G,19,23781984,0.780314
chr19:11446827:A:G,19,11446827,0.242335
chr19:37419015:A:G,19,37419015,0.729414
chr19:1505898:A:G,19,1505898,0.802024
chr19:12304791:A:G,19,12304791,0.0729199
chr19:29912141:A:G,19,29912141,0.976118
chr19:44737149:A:G,19,44737149,0.978374
chr19:31240934:A:G,19,31240934,0.51061
chr19:7447632:A:G,19,7447632,0.610747
chr19:43361689:A:G,19,43361689,0.473732
chr19:57696617:A:G,19,57696617,0.914159
chr19:35655962:A:G,19,35655962,0.914537
chr19:26034824:A:G,19,26034824,0.625135
chr19:36295429:A:G,19,36295429,0.641732
chr19:27244874:A:G,19,27244874,0.814005
chr19:16816206:A:G,19,16816206,0.938259
chr19:43671970:A:G,19,43671970,0.738753
chr19:9001972:A:G,19,9001972,0.536746
chr19:56751328:A:G,19,56751328,0.0539781
chr19:50468459:A:G,19,50468459,0.883898
chr19:58553562:A:G,19,58553562,0.569728
chr19:26789181:A:G,19,26789181,0.479096
chr19:25893777:A:G,19,25893777,0.38316
chr19:38912898:A:G,19,38912898,0.969461
chr19:39591345:A:G,19,39591345,0.722615
chr19:18555116:A:G,19,18555116,0.446111
chr19:25857177:A:G,19,25857177,0.871433
chr20:62904934:A:G,20,62904934,0.319212
chr20:31927726:A:G,20,31927726,0.988115
chr20:50855914:A:G,20,50855914,0.522413
chr20:55152509:A:G,20,55152509,0.857515
chr20:47309135:A:G,20,47309135,0.768729
chr20:19879404:A:G,20,19879404,0.0564618
chr20:33000319:A:G,20,33000319,0.0360901
chr20:22008133:A:G,20,22008133,0.160369
chr20:15917313:A:G,20,15917313,0.242192
chr20:9517569:A:G,20,9517569,0.98407
chr20:25892438:A:G,20,25892438,0.255864
chr20:22348897:A:G,20,22348897,0.611966
chr20:36013347:A:G,20,36013347,0.00733353
chr20:48261230:A:G,20,48261230,0.0224829
chr20:15907051:A:G,20,15907051,0.897117
chr20:3931736:A:G,20,3931736,0.621582
chr20:9548346:A:G,20,9548346,0.0159271
chr20:19150581:A:G,20,19150581,0.923467
chr20:45315795:A:G,20,45315795,0.965504
chr20:16556913:A:G,20,16556913,0.117683
chr20:9479056:A:G,20,9479056,0.39742
chr20:54812540:A:G,20,54812540,0.40925
chr20:43829952:A:G,20,43829952,0.2431
chr20:33403646:A:G,20,33403646,0.734929
chr20:11982895:A:G,20,11982895,0.411453
chr20:17788010:A:G,20,17788010,0.0800522
chr20:18650385:A:G,20,18650385,0.181703
chr20:26289989:A:G,20,26289989,0.318769
chr20:15821477:A:G,20,15821477,0.852352
chr20:38991686:A:G,20,38991686,0.0667453
chr20:11219281:A:G,20,11219281,0.834252
chr20:17669015:A:G,20,17669015,0.127779
chr20:51955747:A:G,20,51955747,0.959505
chr20:45455403:A:G,20,45455403,0.637675
chr20:22237389:A:G,20,22237389,0.187768
chr20:4866898:A:G,20,4866898,0.676037
chr20:32855315:A:G,20,32855315,0.605162
chr20:34011366:A:G,20,34011366,0.370783
chr20:20838868:A:G,20,20838868,0.00228591
chr20:1419859:A:G,20,1419859,0.442923
chr20:15228012:A:G,20,15228012,0.583008
chr20:57060231:A:G,20,57060231,0.126953
chr20:16680407:A:G,20,16680407,0.247081
chr20:44604967:A:G,20,44604967,0.800464
chr20:4414392:A:G,20,4414392,0.192331
chr20:61139690:A:G,20,61139690,0.74022
chr20:25616996:A:G,20,25616996,0.493427
chr20:42567982:A:G,20,42567982,0.961845
chr20:20831702:A:G,20,20831702,0.123417
chr20:35646614:A:G,20,35646614,0.697837
chr20:11647214:A:G,20,11647214,0.199115
chr20:37388887:A:G,20,37388887,0.00798497
chr20:55115819:A:G,20,55115819,0.62532
chr20:30383946:A:G,20,30383946,0.457741
chr20:53205835:A:G,20,53205835,0.39937
chr20:59424049:A:G,20,59424049,0.508618
chr20:41624186:A:G,20,41624186,0.416113
chr20:4787736:A:G,20,4787736,0.199558
chr20:18054875:A:G,20,18054875,0.531674
chr20:12408804:A:G,20,12408804,0.44149
chr20:10052485:A:G,20,10052485,0.249929
chr20:9429858:A:G,20,9429858,0.848317
chr20:42812908:A:G,20,42812908,0.526699
chr20:4611290:A:G,20,4611290,0.726092
chr20:19568008:A:G,20,19568008,0.189857
chr20:38798939:A:G,20,38798939,0.091009
chr20:54239550:A:G,20,54239550,0.0837045
chr20:59865906:A:G,20,59865906,0.652604
chr20:52642963:A:G,20,52642963,0.236283
chr20:29779121:A:G,20,29779121,0.28441
chr20:36490823:A:G,20,36490823,0.277406
chr20:56556589:A:G,20,56556589,0.574541
chr20:46212296:A:G,20,46212296,0.666162
chr20:19499085:A:G,20,19499085,0.23934
chr20:28033426:A:G,20,28033426,0.700787
chr20:52849038:A:G,20,52849038,0.203747
chr20:43141758:A:G,20,43141758,0.700975
chr20:44491844:A:G,20,44491844,0.979969
chr20:45988432:A:G,20,45988432,0.0992988
chr20:1772216:A:G,20,1772216,0.0677595
chr20:38828975:A:G,20,38828975,0.523541
chr20:2814418:A:G,20,2814418,0.895246
chr20:42534471:A:G,20,42534471,0.351321
chr20:7809989:A:G,20,7809989,0.969834
chr20:32508364:A:G,20,32508364,0.568282
chr20:6797388:A:G,20,6797388,0.526281
chr20:25524194:A:G,20,25524194,0.933553
chr20:9173443:A:G,20,9173443,0.292597
chr20:55614165:A:G,20,55614165,0.0390236
chr20:58770008:A:G,20,58770008,0.127692
chr20:26383793:A:G,20,26383793,0.830928
chr20:51349867:A:G,20,51349867,0.637736
chr20:35346555:A:G,20,35346555,0.243365
chr20:18030861:A:G,20,18030861,0.0254994
chr20:51959926:A:G,20,51959926,0.864091
chr20:63573931:A:G,20,63573931,0.692772
chr20:38388798:A:G,20,38388798,0.0473934
chr20:16785757:A:G,20,16785757,0.578465
chr20:64209203:A:G,20,64209203,0.0188802
chr20:28266718:A:G,20,28266718,0.910553
chr20:10138753:A:G,20,10138753,0.638279
chr20:62758068:A:G,20,62758068,0.926269
chr20:45325123:A:G,20,45325123,0.367734
chr20:42096557:A:G,20,42096557,0.583775
chr20:39040908:A:G,20,39040908,0.525446
chr20:63228151:A:G,20,63228151,0.39961
chr20:36231952:A:G,20,36231952,0.504595
chr20:14867657:A:G,20,14867657,0.82866
chr20:14107719:A:G,20,14107719,0.90611
chr20:53403108:A:G,20,53403108,0.0749369
chr20:57305711:A:G,20,57305711,0.4879
chr20:33206087:A:G,20,33206087,0.737891
chr20:39170046:A:G,20,39170046,0.0212339
chr20:43587628:A:G,20,43587628,0.875306
chr20:42130532:A:G,20,42130532,0.732835
chr20:18818806:A:G,20,18818806,0.698249
chr20:47510221:A:G,20,47510221,0.152759
chr20:58145750:A:G,20,58145750,0.546952
chr20:37173022:A:G,20,37173022,0.0988602
chr20:24112438:A:G,20,24112438,0.96983
chr20:30685915:A:G,20,30685915,0.921884
chr20:7300448:A:G,20,7300448,0.646701
chr20:51762705:A:G,20,51762705,0.972511
chr20:19797012:A:G,20,19797012,0.440576
chr20:9798841:A:G,20,9798841,0.802615
chr20:39320572:A:G,20,39320572,0.590149
chr20:3539835:A:G,20,3539835,0.549988
chr20:36280923:A:G,20,36280923,0.585711
chr20:34274096:A:G,20,34274096,0.699927
chr20:57614555:A:G,20,57614555,0.145252
chr20:39351732:A:G,20,39351732,0.534791
chr20:7343843:A:G,20,7343843,0.529261
chr20:2983777:A:G,20,2983777,0.381273
chr20:30529066:A:G,20,30529066,0.55719
chr20:58780883:A:G,20,58780883,0.935967
chr20:33399873:A:G,20,33399873,0.343424
chr20:39797302:A:G,20,39797302,0.562548
chr20:13737280:A:G,20,13737280,0.389822
chr20:5815179:A:G,20,5815179,0.613596
chr20:50868854:A:G,20,50868854,0.259717
chr20:13575520:A:G,20,13575520,0.844642
chr20:17353253:A:G,20,17353253,0.160132
chr20:5256023:A:G,20,5256023,0.919187
chr20:9898464:A:G,20,9898464,0.513412
chr20:37533637:A:G,20,37533637,0.430015
chr20:38241307:A:G,20,38241307,0.219766
chr20:45515662:A:G,20,45515662,0.743887
chr20:37256619:A:G,20,37256619,0.125026
chr20:1547930:A:G,20,1547930,0.416417
chr20:15032811:A:G,20,15032811,0.982739
chr21:24925851:A:G,21,24925851,0.488649
chr21:22335685:A:G,21,22335685,0.45266
chr21:41789294:A:G,21,41789294,0.372137
chr21:15016828:A:G,21,15016828,0.498732
chr21:19328395:A:G,21,19328395,0.184766
chr21:33079376:A:G,21,33079376,0.108423
chr21:21888444:A:G,21,21888444,0.884247
chr21:22855326:A:G,21,22855326,0.487404
chr21:27864270:A:G,21,27864270,0.352545
chr21:12722282:A:G,21,12722282,0.490959
chr21:31115946:A:G,21,31115946,0.510724
chr21:19559971:A:G,21,19559971,0.105559
chr21:37919877:A:G,21,37919877,0.570212
chr21:1830972:A:G,21,1830972,0.245733
chr21:37138000:A:G,21,37138000,0.594912
chr21:44274198:A:G,21,44274198,0.039611
chr21:14462633:A:G,21,14462633,0.775766
chr21:29986511:A:G,21,29986511,0.756196
chr21:3403247:A:G,21,3403247,0.971246
chr21:24961723:A:G,21,24961723,0.197232
chr21:23164810:A:G,21,23164810,0.176663
chr21:44463914:A:G,21,44463914,0.876963
chr21:25167213:A:G,21,25167213,0.556853
chr21:6550637:A:G,21,6550637,0.818679
chr21:11716964:A:G,21,11716964,0.345451
chr21:12217668:A:G,21,12217668,0.944565
chr21:4730747:A:G,21,4730747,0.96131
chr21:28361830:A:G,21,28361830,0.294067
chr21:39081590:A:G,21,39081590,0.570236
chr21:6910261:A:G,21,6910261,0.804084
chr21:4488128:A:G,21,4488128,0.538069
chr21:7671984:A:G,21,7671984,0.392712
chr21:44904796:A:G,21,44904796,0.0512016
chr21:13278014:A:G,21,13278014,0.0779044
chr21:34966888:A:G,21,34966888,0.770578
chr21:39333438:A:G,21,39333438,0.997358
chr21:6558919:A:G,21,6558919,0.993961
chr21:24747805:A:G,21,24747805,0.275468
chr21:9679483:A:G,21,9679483,0.629796
chr21:22789786:A:G,21,22789786,0.0329555
chr21:25030254:A:G,21,25030254,0.913327
chr21:43954200:A:G,21,43954200,0.862784
chr21:10900820:A:G,21,10900820,0.912245
chr21:44850520:A:G,21,44850520,0.0850458
chr21:145339:A:G,21,145339,0.525772
chr21:32076090:A:G,21,32076090,0.885624
chr21:1626819:A:G,21,1626819,0.710754
chr21:42275011:A:G,21,42275011,0.469989
chr21:29789198:A:G,21,29789198,0.987382
chr21:10134458:A:G,21,10134458,0.695622
chr21:39070235:A:G,21,39070235,0.759193
chr21:38465096:A:G,21,38465096,0.440541
chr21:26449770:A:G,21,26449770,0.71328
chr21:34820166:A:G,21,34820166,0.332692
chr21:21133436:A:G,21,21133436,0.635985
chr21:40512889:A:G,21,40512889,0.870162
chr21:44701763:A:G,21,44701763,0.644309
chr21:29305366:A:G,21,29305366,0.198757
chr21:3400953:A:G,21,3400953,0.530691
chr21:19866730:A:G,21,19866730,0.327199
chr21:34549636:A:G,21,34549636,0.394583
chr21:4650254:A:G,21,4650254,0.309017
chr21:2609338:A:G,21,2609338,0.559116
chr21:5404379:A:G,21,5404379,0.970325
chr21:15795706:A:G,21,15795706,0.721351
chr21:43029189:A:G,21,43029189,0.0165924
chr21:168336:A:G,21,168336,0.411142
chr21:7547113:A:G,21,7547113,0.656391
chr21:5451021:A:G,21,5451021,0.764535
chr21:43643569:A:G,21,43643569,0.840373
chr21:33536495:A:G,21,33536495,0.00262811
chr21:6042106:A:G,21,6042106,0.354097
chr21:19859183:A:G,21,19859183,0.496835
chr21:42353249:A:G,21,42353249,0.57648
chr21:42182242:A:G,21,42182242,0.134935
chr21:6314726:A:G,21,6314726,0.940472
chr21:12329074:A:G,21,12329074,0.023615
chr21:3162558:A:G,21,3162558,0.942952
chr21:27477207:A:G,21,27477207,0.729254
chr21:33558143:A:G,21,33558143,0.886012
chr21:44049884:A:G,21,44049884,0.657281
chr21:3811645:A:G,21,3811645,0.389293
chr21:12841949:A:G,21,12841949,0.661495
chr21:33622754:A:G,21,33622754,0.940799
chr21:8995820:A:G,21,8995820,0.376437
chr21:46140849:A:G,21,46140849,0.793517
chr21:26083251:A:G,21,26083251,0.234039
chr21:38318228:A:G,21,38318228,0.331193
chr21:23682358:A:G,21,23682358,0.232183
chr21:32456690:A:G,21,32456690,0.895344
chr21:42349448:A:G,21,42349448,0.332464
chr21:20609887:A:G,21,20609887,0.675974
chr21:12444323:A:G,21,12444323,0.833488
chr21:14723024:A:G,21,14723024,0.0245277
chr21:42776492:A:G,21,42776492,0.427674
chr21:25126235:A:G,21,25126235,0.514859
chr21:8026110:A:G,21,8026110,0.43731
chr21:24713568:A:G,21,24713568,0.910491
chr21:45491570:A:G,21,45491570,0.174582
chr21:3584301:A:G,21,3584301,0.342942
chr21:9399487:A:G,21,9399487,0.464902
chr21:27341885:A:G,21,27341885,0.18706
chr21:9248213:A:G,21,9248213,0.48764
chr21:41785738:A:G,21,41785738,0.942374
chr21:5290150:A:G,21,5290150,0.706721
chr21:38205040:A:G,21,38205040,0.764258
chr21:4531384:A:G,21,4531384,0.715427
chr21:30285269:A:G,21,30285269,0.335682
chr21:2589634:A:G,21,2589634,0.479788
chr21:35441226:A:G,21,35441226,0.503788
chr21:29283900:A:G,21,29283900,0.264483
chr21:14702931:A:G,21,14702931,0.963742
chr21:2028340:A:G,21,2028340,0.483251
chr21:31102682:A:G,21,31102682,0.181816
chr21:9434686:A:G,21,9434686,0.25114
chr21:41342430:A:G,21,41342430,0.0542635
chr21:41194328:A:G,21,41194328,0.339316
chr21:37395864:A:G,21,37395864,0.848579
chr21:3044820:A:G,21,3044820,0.245831
chr21:34499899:A:G,21,34499899,0.544122
chr21:4694835:A:G,21,4694835,0.50602
chr21:31352123:A:G,21,31352123,0.715581
chr21:24964635:A:G,21,24964635,0.885487
chr21:45889201:A:G,21,45889201,0.105647
chr21:46579459:A:G,21,46579459,0.945576
chr21:16734214:A:G,21,16734214,0.702331
chr21:23264096:A:G,21,23264096,0.932959
chr21:40040186:A:G,21,40040186,0.352444
chr21:33486735:A:G,21,33486735,0.476677
chr21:22397092:A:G,21,22397092,0.47026
chr21:33429434:A:G,21,33429434,0.099395
chr21:27984532:A:G,21,27984532,0.684274
chr21:37868164:A:G,21,37868164,0.761824
chr21:40711917:A:G,21,40711917,0.147149
chr21:37596016:A:G,21,37596016,0.214072
chr21:21108427:A:G,21,21108427,0.614434
chr21:22588436:A:G,21,22588436,0.648947
chr21:849206:A:G,21,849206,0.925272
chr21:21275814:A:G,21,21275814,0.962172
chr21:4783778:A:G,21,4783778,0.199539
chr21:24909419:A:G,21,24909419,0.781289
chr21:43787072:A:G,21,43787072,0.232898
chr21:32176215:A:G,21,32176215,0.599134
chr21:18456610:A:G,21,18456610,0.028773
chr21:4010169:A:G,21,4010169,0.587197
chr21:34205100:A:G,21,34205100,0.88852
chr21:36846064:A:G,21,36846064,0.244255
chr21:30643639:A:G,21,30643639,0.845453
chr21:40206252:A:G,21,40206252,0.10615
chr21:15006002:A:G,21,15006002,0.669922
chr22:35382099:A:G,22,35382099,0.539048
chr22:47748635:A:G,22,47748635,0.946377
chr22:10092425:A:G,22,10092425,0.0449465
chr22:5915068:A:G,22,5915068,0.201813
chr22:8307857:A:G,22,8307857,0.285829
chr22:10122830:A:G,22,10122830,0.880009
chr22:34424249:A:G,22,34424249,0.173536
chr22:17974315:A:G,22,17974315,0.255138
chr22:7590877:A:G,22,7590877,0.303813
chr22:50244152:A:G,22,50244152,0.161674
chr22:33569890:A:G,22,33569890,0.805753
chr22:47675753:A:G,22,47675753,0.343799
chr22:24129951:A:G,22,24129951,0.452009
chr22:19005521:A:G,22,19005521,0.417216
chr22:3856557:A:G,22,3856557,0.910052
chr22:7384657:A:G,22,7384657,0.639153
chr22:4069351:A:G,22,4069351,0.240687
chr22:31855049:A:G,22,31855049,0.553806
chr22:28592247:A:G,22,28592247,0.93859
chr22:17143859:A:G,22,17143859,0.880362
chr22:45585273:A:G,22,45585273,0.45836
chr22:4231008:A:G,22,4231008,0.192376
chr22:21142430:A:G,22,21142430,0.255671
chr22:8487853:A:G,22,8487853,0.214011
chr22:10956533:A:G,22,10956533,0.767676
chr22:38207445:A:G,22,38207445,0.976796
chr22:2170754:A:G,22,2170754,0.289549
chr22:37081149:A:G,22,37081149,0.657163
chr22:21761254:A:G,22,21761254,0.979522
chr22:41087483:A:G,22,41087483,0.586629
chr22:22158051:A:G,22,22158051,0.583501
chr22:35615253:A:G,22,35615253,0.498879
chr22:222961:A:G,22,222961,0.450051
chr22:35999774:A:G,22,35999774,0.321414
chr22:39933468:A:G,22,39933468,0.387982
chr22:16975685:A:G,22,16975685,0.741688
chr22:50562115:A:G,22,50562115,0.937325
chr22:1658674:A:G,22,1658674,0.0264526
chr22:41329076:A:G,22,41329076,0.536553
chr22:29545624:A:G,22,29545624,0.684982
chr22:45679231:A:G,22,45679231,0.957217
chr22:40631624:A:G,22,40631624,0.947899
chr22:49278808:A:G,22,49278808,0.265079
chr22:11138438:A:G,22,11138438,0.525905
chr22:452723:A:G,22,452723,0.687002
chr22:45783570:A:G,22,45783570,0.113961
chr22:7574007:A:G,22,7574007,0.283534
chr22:50293050:A:G,22,50293050,0.968592
chr22:26757103:A:G,22,26757103,0.816786
chr22:15824313:A:G,22,15824313,0.953597
chr22:39455218:A:G,22,39455218,0.689362
chr22:42060852:A:G,22,42060852,0.875877
chr22:18555796:A:G,22,18555796,0.861119
chr22:3757484:A:G,22,3757484,0.315634
chr22:25937291:A:G,22,25937291,0.499605
chr22:4532658:A:G,22,4532658,0.226462
chr22:3284087:A:G,22,3284087,0.504275
chr22:38554368:A:G,22,38554368,0.647891
chr22:40952445:A:G,22,40952445,0.220391
chr22:13186077:A:G,22,13186077,0.376577
chr22:46919538:A:G,22,46919538,0.391395
chr22:24786572:A:G,22,24786572,0.991021
chr22:1095079:A:G,22,1095079,0.280803
chr22:23443692:A:G,22,23443692,0.652265
chr22:21300342:A:G,22,21300342,0.977098
chr22:4901276:A:G,22,4901276,0.982601
chr22:2989749:A:G,22,2989749,0.836842
chr22:9718799:A:G,22,9718799,0.651764
chr22:2551743:A:G,22,2551743,0.840872
chr22:28776182:A:G,22,28776182,0.0900256
chr22:50046815:A:G,22,50046815,0.918702
chr22:1699460:A:G,22,1699460,0.145366
chr22:33154057:A:G,22,33154057,0.237817
chr22:14476593:A:G,22,14476593,0.0907542
chr22:42361059:A:G,22,42361059,0.122105
chr22:16993837:A:G,22,16993837,0.031165
chr22:35433658:A:G,22,35433658,0.0456103
chr22:16043166:A:G,22,16043166,0.55834
chr22:36629634:A:G,22,36629634,0.358217
chr22:6971789:A:G,22,6971789,0.77073
chr22:26568509:A:G,22,26568509,0.0428741
chr22:15129972:A:G,22,15129972,0.866559
chr22:3170085:A:G,22,3170085,0.770728
chr22:16146182:A:G,22,16146182,0.330186
chr22:45974885:A:G,22,45974885,0.864799
chr22:11482762:A:G,22,11482762,0.289677
chr22:40661278:A:G,22,40661278,0.276429
chr22:45340291:A:G,22,45340291,0.529041
chr22:25009614:A:G,22,25009614,0.675071
chr22:17445482:A:G,22,17445482,0.512735
chr22:32032498:A:G,22,32032498,0.715505
chr22:19074780:A:G,22,19074780,0.839769
chr22:34107795:A:G,22,34107795,0.98624
chr22:37981061:A:G,22,37981061,0.690078
chr22:10260921:A:G,22,10260921,0.000597967
chr22:6057190:A:G,22,6057190,0.389718
chr22:127795:A:G,22,127795,0.57001
chr22:9225855:A:G,22,9225855,0.674489
chr22:43706945:A:G,22,43706945,0.303941
chr22:764827:A:G,22,764827,0.759375
chr22:5348419:A:G,22,5348419,0.399424
chr22:11704019:A:G,22,11704019,0.89602
chr22:35476480:A:G,22,35476480,0.725184
chr22:5706002:A:G,22,5706002,0.411249
chr22:46634602:A:G,22,46634602,0.28657
chr22:16902759:A:G,22,16902759,0.385666
chr22:38223288:A:G,22,38223288,0.687055
chr22:13656630:A:G,22,13656630,0.119358
chr22:45091179:A:G,22,45091179,0.464556
chr22:21105983:A:G,22,21105983,0.467095
chr22:35663163:A:G,22,35663163,0.17978
chr22:29018353:A:G,22,29018353,0.186343
chr22:22518289:A:G,22,22518289,0.140834
chr22:47241791:A:G,22,47241791,0.190118
chr22:33763707:A:G,22,33763707,0.0898123
chr22:36249147:A:G,22,36249147,0.142767
chr22:2708739:A:G,22,2708739,0.434593
chr22:15483764:A:G,22,15483764,0.523322
chr22:40588770:A:G,22,40588770,0.495138
chr22:34107255:A:G,22,34107255,0.0980276
chr22:15545610:A:G,22,15545610,0.649426
chr22:12110852:A:G,22,12110852,0.360562
chr22:47573688:A:G,22,47573688,0.882582
chr22:18752793:A:G,22,18752793,0.422942
chr22:12768455:A:G,22,12768455,0.703016
chr22:3551573:A:G,22,3551573,0.951014
chr22:6648299:A:G,22,6648299,0.828968
chr22:46478724:A:G,22,46478724,0.234208
chr22:39548737:A:G,22,39548737,0.607788
chr22:23339287:A:G,22,23339287,0.853954
chr22:38419245:A:G,22,38419245,0.854166
chr22:27113862:A:G,22,27113862,0.555578
chr22:13080272:A:G,22,13080272,0.616974
chr22:30628594:A:G,22,30628594,0.206045
chr22:17946744:A:G,22,17946744,0.416405
chr22:22767151:A:G,22,22767151,0.688194
chr22:6282944:A:G,22,6282944,0.830554
chr22:26872897:A:G,22,26872897,0.835627
chr22:33300810:A:G,22,33300810,0.773392
chr22:31327590:A:G,22,31327590,0.44459
chr22:49855028:A:G,22,49855028,0.80975
chr22:50175803:A:G,22,50175803,0.676969
chr22:15787779:A:G,22,15787779,0.788455
chr22:42936741:A:G,22,42936741,0.885622
chr22:2728224:A:G,22,2728224,0.039395
chr22:5097412:A:G,22,5097412,0.711855
chr22:4887611:A:G,22,4887611,0.279783
chr22:27470146:A:G,22,27470146,0.964261
chr22:24241662:A:G,22,24241662,0.141177
chr22:39449278:A:G,22,39449278,0.24689
